dataset,config,k,seed,f1
EAModelSet,LLM(NL),0,0,0.7852900868392158
EAModelSet,LLM(NL),0,1,0.7751182882225159
EAModelSet,LLM(NL),0,2,0.7705940237602903
EAModelSet,LLM(NL),0,3,0.7895543919955125
EAModelSet,LLM(NL),0,4,0.7833280344784507
EAModelSet,LLM(NL),0,5,0.7797540302736031
EAModelSet,LLM(NL),0,6,0.7854136727316787
EAModelSet,LLM(NL),0,7,0.7865002739146831
EAModelSet,LLM(NL),0,8,0.7807282864877816
EAModelSet,LLM(NL),0,9,0.7583387086488457
EAModelSet,LLM(NL),1,0,0.8095952843946582
EAModelSet,LLM(NL),1,1,0.8113473669633735
EAModelSet,LLM(NL),1,2,0.8071263928390948
EAModelSet,LLM(NL),1,3,0.8165894194713624
EAModelSet,LLM(NL),1,4,0.8245376170628107
EAModelSet,LLM(NL),1,5,0.8111207553183434
EAModelSet,LLM(NL),1,6,0.8059213386426329
EAModelSet,LLM(NL),1,7,0.831224278487284
EAModelSet,LLM(NL),1,8,0.8113884991512197
EAModelSet,LLM(NL),1,9,0.8051362806022939
EAModelSet,LLM(NL),2,0,0.8339014179969476
EAModelSet,LLM(NL),2,1,0.8354054606527163
EAModelSet,LLM(NL),2,2,0.8263595992825545
EAModelSet,LLM(NL),2,3,0.8383236285967061
EAModelSet,LLM(NL),2,4,0.8281014444937066
EAModelSet,LLM(NL),2,5,0.8246163926768768
EAModelSet,LLM(NL),2,6,0.8334287269481988
EAModelSet,LLM(NL),2,7,0.8381661518169996
EAModelSet,LLM(NL),2,8,0.8269291880704424
EAModelSet,LLM(NL),2,9,0.8346450044481137
EAModelSet,LLM(NL),3,0,0.8332520668847572
EAModelSet,LLM(NL),3,1,0.8565954691978891
EAModelSet,LLM(NL),3,2,0.8283315225506952
EAModelSet,LLM(NL),3,3,0.845073372804316
EAModelSet,LLM(NL),3,4,0.8335812296924888
EAModelSet,LLM(NL),3,5,0.8329859039706217
EAModelSet,LLM(NL),3,6,0.8397733208922915
EAModelSet,LLM(NL),3,7,0.841151924532324
EAModelSet,LLM(NL),3,8,0.8441361251276271
EAModelSet,LLM(NL),3,9,0.8366292138810812
EAModelSet,LLM(NL+NT),0,0,0.7891968288819367
EAModelSet,LLM(NL+NT),0,1,0.7896988311665275
EAModelSet,LLM(NL+NT),0,2,0.7980772255270668
EAModelSet,LLM(NL+NT),0,3,0.7986471989648619
EAModelSet,LLM(NL+NT),0,4,0.805184407525572
EAModelSet,LLM(NL+NT),0,5,0.7973474436433496
EAModelSet,LLM(NL+NT),0,6,0.8024813461220619
EAModelSet,LLM(NL+NT),0,7,0.8061341682782717
EAModelSet,LLM(NL+NT),0,8,0.7953184043562489
EAModelSet,LLM(NL+NT),0,9,0.7821155307872746
EAModelSet,LLM(NL+NT),1,0,0.7965657833079954
EAModelSet,LLM(NL+NT),1,1,0.794497577054476
EAModelSet,LLM(NL+NT),1,2,0.8187327230481128
EAModelSet,LLM(NL+NT),1,3,0.7992207312413685
EAModelSet,LLM(NL+NT),1,4,0.8158547325232983
EAModelSet,LLM(NL+NT),1,5,0.810685855292511
EAModelSet,LLM(NL+NT),1,6,0.8197221530147124
EAModelSet,LLM(NL+NT),1,7,0.8140247505559027
EAModelSet,LLM(NL+NT),1,8,0.8051810379102928
EAModelSet,LLM(NL+NT),1,9,0.8043997563968539
EAModelSet,LLM(NL+NT),2,0,0.8276813417595691
EAModelSet,LLM(NL+NT),2,1,0.8284020876151909
EAModelSet,LLM(NL+NT),2,2,0.8227540506310126
EAModelSet,LLM(NL+NT),2,3,0.8267389736192907
EAModelSet,LLM(NL+NT),2,4,0.8398745604960192
EAModelSet,LLM(NL+NT),2,5,0.8133828935133948
EAModelSet,LLM(NL+NT),2,6,0.8290679051162149
EAModelSet,LLM(NL+NT),2,7,0.8197443775521539
EAModelSet,LLM(NL+NT),2,8,0.828496296662439
EAModelSet,LLM(NL+NT),2,9,0.8337188462016656
EAModelSet,LLM(NL+NT),3,0,0.8325391185563384
EAModelSet,LLM(NL+NT),3,1,0.8391838953587871
EAModelSet,LLM(NL+NT),3,2,0.8202812847889265
EAModelSet,LLM(NL+NT),3,3,0.8418559129013238
EAModelSet,LLM(NL+NT),3,4,0.828174966058815
EAModelSet,LLM(NL+NT),3,5,0.8379792645583389
EAModelSet,LLM(NL+NT),3,6,0.8344595847678117
EAModelSet,LLM(NL+NT),3,7,0.8123155025670097
EAModelSet,LLM(NL+NT),3,8,0.8269514870282382
EAModelSet,LLM(NL+NT),3,9,0.8347640669434832
EAModelSet,LLM(NL+NT+ET),1,0,0.841431808652553
EAModelSet,LLM(NL+NT+ET),1,1,0.8312981462872293
EAModelSet,LLM(NL+NT+ET),1,2,0.8310615670381659
EAModelSet,LLM(NL+NT+ET),1,3,0.8176985272829649
EAModelSet,LLM(NL+NT+ET),1,4,0.8404491735721878
EAModelSet,LLM(NL+NT+ET),1,5,0.8434566159615049
EAModelSet,LLM(NL+NT+ET),1,6,0.8292286003449918
EAModelSet,LLM(NL+NT+ET),1,7,0.8272419436142391
EAModelSet,LLM(NL+NT+ET),1,8,0.8160476022735227
EAModelSet,LLM(NL+NT+ET),1,9,0.836066568471652
EAModelSet,LLM(NL+NT+ET),2,0,0.8566182346055393
EAModelSet,LLM(NL+NT+ET),2,1,0.8407369045982919
EAModelSet,LLM(NL+NT+ET),2,2,0.8451096281452255
EAModelSet,LLM(NL+NT+ET),2,3,0.8393366983496653
EAModelSet,LLM(NL+NT+ET),2,4,0.8271198729074499
EAModelSet,LLM(NL+NT+ET),2,5,0.8456933810481588
EAModelSet,LLM(NL+NT+ET),2,6,0.8251234008042422
EAModelSet,LLM(NL+NT+ET),2,7,0.8333146807546956
EAModelSet,LLM(NL+NT+ET),2,8,0.8372308139600202
EAModelSet,LLM(NL+NT+ET),2,9,0.8420632772862132
EAModelSet,LLM(NL+NT+ET),3,0,0.8323278853234477
EAModelSet,LLM(NL+NT+ET),3,1,0.8320946760066673
EAModelSet,LLM(NL+NT+ET),3,2,0.8229080954525698
EAModelSet,LLM(NL+NT+ET),3,3,0.8186850286883163
EAModelSet,LLM(NL+NT+ET),3,4,0.8294918453461056
EAModelSet,LLM(NL+NT+ET),3,5,0.8233184417820568
EAModelSet,LLM(NL+NT+ET),3,6,0.8185377149754459
EAModelSet,LLM(NL+NT+ET),3,7,0.8188724282279845
EAModelSet,LLM(NL+NT+ET),3,8,0.8250789722066151
EAModelSet,LLM(NL+NT+ET),3,9,0.8141793691186079
EAModelSet,GNN(R),0,0,0.46505062594311253
EAModelSet,GNN(R),0,1,0.45929726141861493
EAModelSet,GNN(R),0,2,0.4956451892756333
EAModelSet,GNN(R),0,3,0.5001596845903684
EAModelSet,GNN(R),0,4,0.5321428192636565
EAModelSet,GNN(R),0,5,0.4620494040153523
EAModelSet,GNN(R),0,6,0.47840806082180676
EAModelSet,GNN(R),0,7,0.5102522277864561
EAModelSet,GNN(R),0,8,0.48766452390022086
EAModelSet,GNN(R),0,9,0.485460041225844
EAModelSet,GNN(FTLM(NL)),0,0,0.5726733576267165
EAModelSet,GNN(FTLM(NL)),0,1,0.5562927507238342
EAModelSet,GNN(FTLM(NL)),0,2,0.549750441045328
EAModelSet,GNN(FTLM(NL)),0,3,0.5484644803210645
EAModelSet,GNN(FTLM(NL)),0,4,0.5616855545785115
EAModelSet,GNN(FTLM(NL)),0,5,0.5614419328272477
EAModelSet,GNN(FTLM(NL)),0,6,0.5480263810377106
EAModelSet,GNN(FTLM(NL)),0,7,0.5511168299381896
EAModelSet,GNN(FTLM(NL)),0,8,0.563277701102525
EAModelSet,GNN(FTLM(NL)),0,9,0.5636181341802011
EAModelSet,GNN(FTLM(NL)),1,0,0.8318542233311681
EAModelSet,GNN(FTLM(NL)),1,1,0.8419777296148159
EAModelSet,GNN(FTLM(NL)),1,2,0.8415748366983244
EAModelSet,GNN(FTLM(NL)),1,3,0.8227353460102436
EAModelSet,GNN(FTLM(NL)),1,4,0.8345034899964103
EAModelSet,GNN(FTLM(NL)),1,5,0.840321004728969
EAModelSet,GNN(FTLM(NL)),1,6,0.8324153943826881
EAModelSet,GNN(FTLM(NL)),1,7,0.8198885450482583
EAModelSet,GNN(FTLM(NL)),1,8,0.834735882228271
EAModelSet,GNN(FTLM(NL)),1,9,0.8430167452795313
EAModelSet,GNN(FTLM(NL)),2,0,0.953643244686505
EAModelSet,GNN(FTLM(NL)),2,1,0.9234737387099681
EAModelSet,GNN(FTLM(NL)),2,2,0.9619065707645141
EAModelSet,GNN(FTLM(NL)),2,3,0.9319829093517658
EAModelSet,GNN(FTLM(NL)),2,4,0.948655766966409
EAModelSet,GNN(FTLM(NL)),2,5,0.9508735845642751
EAModelSet,GNN(FTLM(NL)),2,6,0.9488641384010703
EAModelSet,GNN(FTLM(NL)),2,7,0.942196947836483
EAModelSet,GNN(FTLM(NL)),2,8,0.9317086586984966
EAModelSet,GNN(FTLM(NL)),2,9,0.9460124703038886
EAModelSet,GNN(FTLM(NL)),3,0,0.894278134585796
EAModelSet,GNN(FTLM(NL)),3,1,0.8798184404525017
EAModelSet,GNN(FTLM(NL)),3,2,0.9226311890697302
EAModelSet,GNN(FTLM(NL)),3,3,0.9056648161756854
EAModelSet,GNN(FTLM(NL)),3,4,0.9145446170278924
EAModelSet,GNN(FTLM(NL)),3,5,0.8927070175400444
EAModelSet,GNN(FTLM(NL)),3,6,0.9117400225872953
EAModelSet,GNN(FTLM(NL)),3,7,0.912718953265192
EAModelSet,GNN(FTLM(NL)),3,8,0.9124363961960095
EAModelSet,GNN(FTLM(NL)),3,9,0.8998303493343028
EAModelSet,GNN(FTLM(NL+NT)),0,0,0.9243803036500593
EAModelSet,GNN(FTLM(NL+NT)),0,1,0.932581497545091
EAModelSet,GNN(FTLM(NL+NT)),0,2,0.9163778470898672
EAModelSet,GNN(FTLM(NL+NT)),0,3,0.9203839008847717
EAModelSet,GNN(FTLM(NL+NT)),0,4,0.9347355102492022
EAModelSet,GNN(FTLM(NL+NT)),0,5,0.9260688122738546
EAModelSet,GNN(FTLM(NL+NT)),0,6,0.9326844251563621
EAModelSet,GNN(FTLM(NL+NT)),0,7,0.9331280019887892
EAModelSet,GNN(FTLM(NL+NT)),0,8,0.9494458163881473
EAModelSet,GNN(FTLM(NL+NT)),0,9,0.9443810125580077
EAModelSet,GNN(FTLM(NL+NT)),1,0,0.9066410193266974
EAModelSet,GNN(FTLM(NL+NT)),1,1,0.9166711962733548
EAModelSet,GNN(FTLM(NL+NT)),1,2,0.9007622948424773
EAModelSet,GNN(FTLM(NL+NT)),1,3,0.9043048238072411
EAModelSet,GNN(FTLM(NL+NT)),1,4,0.9142817944809392
EAModelSet,GNN(FTLM(NL+NT)),1,5,0.8970667153794321
EAModelSet,GNN(FTLM(NL+NT)),1,6,0.9047681541735982
EAModelSet,GNN(FTLM(NL+NT)),1,7,0.8964332331192957
EAModelSet,GNN(FTLM(NL+NT)),1,8,0.9079397792626238
EAModelSet,GNN(FTLM(NL+NT)),1,9,0.9200601260447155
EAModelSet,GNN(FTLM(NL+NT)),2,0,0.7399832248871923
EAModelSet,GNN(FTLM(NL+NT)),2,1,0.7478070359673106
EAModelSet,GNN(FTLM(NL+NT)),2,2,0.738821424786908
EAModelSet,GNN(FTLM(NL+NT)),2,3,0.7368036084540769
EAModelSet,GNN(FTLM(NL+NT)),2,4,0.736113203837266
EAModelSet,GNN(FTLM(NL+NT)),2,5,0.7576380166512768
EAModelSet,GNN(FTLM(NL+NT)),2,6,0.7648994837649408
EAModelSet,GNN(FTLM(NL+NT)),2,7,0.7498643496424446
EAModelSet,GNN(FTLM(NL+NT)),2,8,0.7402696562469013
EAModelSet,GNN(FTLM(NL+NT)),2,9,0.7516391330747455
EAModelSet,GNN(FTLM(NL+NT)),3,0,0.7463254117892557
EAModelSet,GNN(FTLM(NL+NT)),3,1,0.755411186780299
EAModelSet,GNN(FTLM(NL+NT)),3,2,0.7513279491055955
EAModelSet,GNN(FTLM(NL+NT)),3,3,0.7512376332068407
EAModelSet,GNN(FTLM(NL+NT)),3,4,0.7538582084750023
EAModelSet,GNN(FTLM(NL+NT)),3,5,0.7443640509041828
EAModelSet,GNN(FTLM(NL+NT)),3,6,0.7457650574150971
EAModelSet,GNN(FTLM(NL+NT)),3,7,0.7352300352795683
EAModelSet,GNN(FTLM(NL+NT)),3,8,0.7454650444683724
EAModelSet,GNN(FTLM(NL+NT)),3,9,0.7376213384794813
EAModelSet,GNN(FTLM(NL+NT+ET)),1,0,0.8748425504076804
EAModelSet,GNN(FTLM(NL+NT+ET)),1,1,0.86833895240491
EAModelSet,GNN(FTLM(NL+NT+ET)),1,2,0.8768098753625705
EAModelSet,GNN(FTLM(NL+NT+ET)),1,3,0.8796259144513259
EAModelSet,GNN(FTLM(NL+NT+ET)),1,4,0.864639019431481
EAModelSet,GNN(FTLM(NL+NT+ET)),1,5,0.8694937672460323
EAModelSet,GNN(FTLM(NL+NT+ET)),1,6,0.8684535047853169
EAModelSet,GNN(FTLM(NL+NT+ET)),1,7,0.8819719474006276
EAModelSet,GNN(FTLM(NL+NT+ET)),1,8,0.8896508962190945
EAModelSet,GNN(FTLM(NL+NT+ET)),1,9,0.8828122929229578
EAModelSet,GNN(FTLM(NL+NT+ET)),2,0,0.917204648578407
EAModelSet,GNN(FTLM(NL+NT+ET)),2,1,0.9317200511170891
EAModelSet,GNN(FTLM(NL+NT+ET)),2,2,0.9078871381084699
EAModelSet,GNN(FTLM(NL+NT+ET)),2,3,0.9319948644170247
EAModelSet,GNN(FTLM(NL+NT+ET)),2,4,0.9147502863495856
EAModelSet,GNN(FTLM(NL+NT+ET)),2,5,0.8977576542787623
EAModelSet,GNN(FTLM(NL+NT+ET)),2,6,0.9412064379126781
EAModelSet,GNN(FTLM(NL+NT+ET)),2,7,0.9326241845945885
EAModelSet,GNN(FTLM(NL+NT+ET)),2,8,0.9117449301830391
EAModelSet,GNN(FTLM(NL+NT+ET)),2,9,0.9213520691807453
EAModelSet,GNN(FTLM(NL+NT+ET)),3,0,0.9352840043819745
EAModelSet,GNN(FTLM(NL+NT+ET)),3,1,0.9378177664263595
EAModelSet,GNN(FTLM(NL+NT+ET)),3,2,0.9251337084996701
EAModelSet,GNN(FTLM(NL+NT+ET)),3,3,0.9315480481386657
EAModelSet,GNN(FTLM(NL+NT+ET)),3,4,0.940743690261981
EAModelSet,GNN(FTLM(NL+NT+ET)),3,5,0.9387815693596446
EAModelSet,GNN(FTLM(NL+NT+ET)),3,6,0.9465939080800531
EAModelSet,GNN(FTLM(NL+NT+ET)),3,7,0.9376380020594168
EAModelSet,GNN(FTLM(NL+NT+ET)),3,8,0.9557937734871841
EAModelSet,GNN(FTLM(NL+NT+ET)),3,9,0.9312741475426509
Ecore-555,LLM(NL),0,0,0.9090746591356283
Ecore-555,LLM(NL),0,1,0.8916694568325323
Ecore-555,LLM(NL),0,2,0.8969749349698837
Ecore-555,LLM(NL),0,3,0.917628207687451
Ecore-555,LLM(NL),0,4,0.8994575778601708
Ecore-555,LLM(NL),0,5,0.9112454013920115
Ecore-555,LLM(NL),0,6,0.9065058331411888
Ecore-555,LLM(NL),0,7,0.8986436083384994
Ecore-555,LLM(NL),0,8,0.9042140058065028
Ecore-555,LLM(NL),0,9,0.9028861309228262
Ecore-555,LLM(NL),1,0,0.9171010730523366
Ecore-555,LLM(NL),1,1,0.9270288656874196
Ecore-555,LLM(NL),1,2,0.9262187564353327
Ecore-555,LLM(NL),1,3,0.9163805944269836
Ecore-555,LLM(NL),1,4,0.9137431775692862
Ecore-555,LLM(NL),1,5,0.9232586986761465
Ecore-555,LLM(NL),1,6,0.9201998767059952
Ecore-555,LLM(NL),1,7,0.9292262596995983
Ecore-555,LLM(NL),1,8,0.9422423485649072
Ecore-555,LLM(NL),1,9,0.9277433954753983
Ecore-555,LLM(NL),2,0,0.9297221578314864
Ecore-555,LLM(NL),2,1,0.9286236482329676
Ecore-555,LLM(NL),2,2,0.9231464470362867
Ecore-555,LLM(NL),2,3,0.9227466177249394
Ecore-555,LLM(NL),2,4,0.9219726759159914
Ecore-555,LLM(NL),2,5,0.9268373186287571
Ecore-555,LLM(NL),2,6,0.9265828524339134
Ecore-555,LLM(NL),2,7,0.9359498456524946
Ecore-555,LLM(NL),2,8,0.9268080078799964
Ecore-555,LLM(NL),2,9,0.9284204022685114
Ecore-555,LLM(NL),3,0,0.9232538077955535
Ecore-555,LLM(NL),3,1,0.9461566050335761
Ecore-555,LLM(NL),3,2,0.9370558912766925
Ecore-555,LLM(NL),3,3,0.9473109853537913
Ecore-555,LLM(NL),3,4,0.9393750863362882
Ecore-555,LLM(NL),3,5,0.9449170876153064
Ecore-555,LLM(NL),3,6,0.9310120997964403
Ecore-555,LLM(NL),3,7,0.9387372864636553
Ecore-555,LLM(NL),3,8,0.9546440509560757
Ecore-555,LLM(NL),3,9,0.9232117243071535
Ecore-555,LLM(NL+NA),0,0,0.9264101516405138
Ecore-555,LLM(NL+NA),0,1,0.9305835537472955
Ecore-555,LLM(NL+NA),0,2,0.9203690206216754
Ecore-555,LLM(NL+NA),0,3,0.9231216994857351
Ecore-555,LLM(NL+NA),0,4,0.9272370757417044
Ecore-555,LLM(NL+NA),0,5,0.9116376386722763
Ecore-555,LLM(NL+NA),0,6,0.9203392938251511
Ecore-555,LLM(NL+NA),0,7,0.9098959605150501
Ecore-555,LLM(NL+NA),0,8,0.9114700236694286
Ecore-555,LLM(NL+NA),0,9,0.9119474980351073
Ecore-555,LLM(NL+NA),1,0,0.9178298538184625
Ecore-555,LLM(NL+NA),1,1,0.9201982051078678
Ecore-555,LLM(NL+NA),1,2,0.9227042653361488
Ecore-555,LLM(NL+NA),1,3,0.9073927304814772
Ecore-555,LLM(NL+NA),1,4,0.9352142033747244
Ecore-555,LLM(NL+NA),1,5,0.9284682316540501
Ecore-555,LLM(NL+NA),1,6,0.9249485021551421
Ecore-555,LLM(NL+NA),1,7,0.9160677568671464
Ecore-555,LLM(NL+NA),1,8,0.9182695466661261
Ecore-555,LLM(NL+NA),1,9,0.9234893313650661
Ecore-555,LLM(NL+NA),2,0,0.8583715198911622
Ecore-555,LLM(NL+NA),2,1,0.8412315004953854
Ecore-555,LLM(NL+NA),2,2,0.8610742341141605
Ecore-555,LLM(NL+NA),2,3,0.8789059807072265
Ecore-555,LLM(NL+NA),2,4,0.8398536803987832
Ecore-555,LLM(NL+NA),2,5,0.8631574209730727
Ecore-555,LLM(NL+NA),2,6,0.8580280158006076
Ecore-555,LLM(NL+NA),2,7,0.8540846782423077
Ecore-555,LLM(NL+NA),2,8,0.8662561259201784
Ecore-555,LLM(NL+NA),2,9,0.8452912294953583
Ecore-555,LLM(NL+NA),3,0,0.9303367599422282
Ecore-555,LLM(NL+NA),3,1,0.9410156372154261
Ecore-555,LLM(NL+NA),3,2,0.9273832116413396
Ecore-555,LLM(NL+NA),3,3,0.9255658957357875
Ecore-555,LLM(NL+NA),3,4,0.9299438177791837
Ecore-555,LLM(NL+NA),3,5,0.9253459572159615
Ecore-555,LLM(NL+NA),3,6,0.9417133498423489
Ecore-555,LLM(NL+NA),3,7,0.9215452178106308
Ecore-555,LLM(NL+NA),3,8,0.9361754501626446
Ecore-555,LLM(NL+NA),3,9,0.9187065296034685
Ecore-555,LLM(NL+NA+NT),0,0,0.9255005792217749
Ecore-555,LLM(NL+NA+NT),0,1,0.9191376042433971
Ecore-555,LLM(NL+NA+NT),0,2,0.898758704229425
Ecore-555,LLM(NL+NA+NT),0,3,0.9199508547731702
Ecore-555,LLM(NL+NA+NT),0,4,0.911225730069806
Ecore-555,LLM(NL+NA+NT),0,5,0.9163457478992503
Ecore-555,LLM(NL+NA+NT),0,6,0.932652414389194
Ecore-555,LLM(NL+NA+NT),0,7,0.9108113513036747
Ecore-555,LLM(NL+NA+NT),0,8,0.9112803965941874
Ecore-555,LLM(NL+NA+NT),0,9,0.9318470628549744
Ecore-555,LLM(NL+NA+NT),1,0,0.9039535753637455
Ecore-555,LLM(NL+NA+NT),1,1,0.9156778473407325
Ecore-555,LLM(NL+NA+NT),1,2,0.9056608589929271
Ecore-555,LLM(NL+NA+NT),1,3,0.8957434826271488
Ecore-555,LLM(NL+NA+NT),1,4,0.9024546610251576
Ecore-555,LLM(NL+NA+NT),1,5,0.9131130274435778
Ecore-555,LLM(NL+NA+NT),1,6,0.9107400417988091
Ecore-555,LLM(NL+NA+NT),1,7,0.9030072922566065
Ecore-555,LLM(NL+NA+NT),1,8,0.9034011493656995
Ecore-555,LLM(NL+NA+NT),1,9,0.9020743964790786
Ecore-555,LLM(NL+NA+NT),2,0,0.9302426626300293
Ecore-555,LLM(NL+NA+NT),2,1,0.9508870379950012
Ecore-555,LLM(NL+NA+NT),2,2,0.9350591453613191
Ecore-555,LLM(NL+NA+NT),2,3,0.9256967270496611
Ecore-555,LLM(NL+NA+NT),2,4,0.9310766596110618
Ecore-555,LLM(NL+NA+NT),2,5,0.940974558886114
Ecore-555,LLM(NL+NA+NT),2,6,0.9402764754550265
Ecore-555,LLM(NL+NA+NT),2,7,0.9338720077226144
Ecore-555,LLM(NL+NA+NT),2,8,0.9295019443469217
Ecore-555,LLM(NL+NA+NT),2,9,0.9351966569675183
Ecore-555,LLM(NL+NA+NT),3,0,0.9132344995995759
Ecore-555,LLM(NL+NA+NT),3,1,0.9162924542796687
Ecore-555,LLM(NL+NA+NT),3,2,0.9335711967531163
Ecore-555,LLM(NL+NA+NT),3,3,0.9230578496415012
Ecore-555,LLM(NL+NA+NT),3,4,0.9300838714711418
Ecore-555,LLM(NL+NA+NT),3,5,0.9370207402645672
Ecore-555,LLM(NL+NA+NT),3,6,0.9323432999399988
Ecore-555,LLM(NL+NA+NT),3,7,0.927169517226545
Ecore-555,LLM(NL+NA+NT),3,8,0.9445038549162458
Ecore-555,LLM(NL+NA+NT),3,9,0.9324919903713014
Ecore-555,LLM(NL+NA+NT+EL),1,0,0.9270843172484642
Ecore-555,LLM(NL+NA+NT+EL),1,1,0.9360215738116551
Ecore-555,LLM(NL+NA+NT+EL),1,2,0.9333547719511742
Ecore-555,LLM(NL+NA+NT+EL),1,3,0.9229601122217495
Ecore-555,LLM(NL+NA+NT+EL),1,4,0.93060012163262
Ecore-555,LLM(NL+NA+NT+EL),1,5,0.9286430063968691
Ecore-555,LLM(NL+NA+NT+EL),1,6,0.9138275812503726
Ecore-555,LLM(NL+NA+NT+EL),1,7,0.9285819883418354
Ecore-555,LLM(NL+NA+NT+EL),1,8,0.9276715572304808
Ecore-555,LLM(NL+NA+NT+EL),1,9,0.9263948853198034
Ecore-555,LLM(NL+NA+NT+EL),2,0,0.9304712256144668
Ecore-555,LLM(NL+NA+NT+EL),2,1,0.9410827998539913
Ecore-555,LLM(NL+NA+NT+EL),2,2,0.9436735832742037
Ecore-555,LLM(NL+NA+NT+EL),2,3,0.9448383643256688
Ecore-555,LLM(NL+NA+NT+EL),2,4,0.9346611231963415
Ecore-555,LLM(NL+NA+NT+EL),2,5,0.9492018132727273
Ecore-555,LLM(NL+NA+NT+EL),2,6,0.934002629132294
Ecore-555,LLM(NL+NA+NT+EL),2,7,0.9421596702792441
Ecore-555,LLM(NL+NA+NT+EL),2,8,0.9547332697636538
Ecore-555,LLM(NL+NA+NT+EL),2,9,0.9383059415839284
Ecore-555,LLM(NL+NA+NT+EL),3,0,0.7967999865762497
Ecore-555,LLM(NL+NA+NT+EL),3,1,0.8098268246187007
Ecore-555,LLM(NL+NA+NT+EL),3,2,0.7978422920414602
Ecore-555,LLM(NL+NA+NT+EL),3,3,0.7985579489188359
Ecore-555,LLM(NL+NA+NT+EL),3,4,0.8028188694800777
Ecore-555,LLM(NL+NA+NT+EL),3,5,0.8096273528519574
Ecore-555,LLM(NL+NA+NT+EL),3,6,0.7828829927123483
Ecore-555,LLM(NL+NA+NT+EL),3,7,0.7941906307797272
Ecore-555,LLM(NL+NA+NT+EL),3,8,0.7927206924734883
Ecore-555,LLM(NL+NA+NT+EL),3,9,0.7920846921513324
Ecore-555,LLM(NL+NA+NT+EL+ET),1,0,0.9139777321972423
Ecore-555,LLM(NL+NA+NT+EL+ET),1,1,0.9141076135287581
Ecore-555,LLM(NL+NA+NT+EL+ET),1,2,0.923473728409602
Ecore-555,LLM(NL+NA+NT+EL+ET),1,3,0.9137029784362266
Ecore-555,LLM(NL+NA+NT+EL+ET),1,4,0.9220046742236916
Ecore-555,LLM(NL+NA+NT+EL+ET),1,5,0.9242913645989752
Ecore-555,LLM(NL+NA+NT+EL+ET),1,6,0.9150155745545451
Ecore-555,LLM(NL+NA+NT+EL+ET),1,7,0.9220710094033072
Ecore-555,LLM(NL+NA+NT+EL+ET),1,8,0.9344201529235687
Ecore-555,LLM(NL+NA+NT+EL+ET),1,9,0.9236404317136969
Ecore-555,LLM(NL+NA+NT+EL+ET),2,0,0.9097761646091207
Ecore-555,LLM(NL+NA+NT+EL+ET),2,1,0.9144678351113669
Ecore-555,LLM(NL+NA+NT+EL+ET),2,2,0.9074964637376628
Ecore-555,LLM(NL+NA+NT+EL+ET),2,3,0.9172170897388913
Ecore-555,LLM(NL+NA+NT+EL+ET),2,4,0.9220595931155787
Ecore-555,LLM(NL+NA+NT+EL+ET),2,5,0.9082964456419819
Ecore-555,LLM(NL+NA+NT+EL+ET),2,6,0.9132884493177574
Ecore-555,LLM(NL+NA+NT+EL+ET),2,7,0.9240983691284298
Ecore-555,LLM(NL+NA+NT+EL+ET),2,8,0.9109321143264586
Ecore-555,LLM(NL+NA+NT+EL+ET),2,9,0.916536820024082
Ecore-555,LLM(NL+NA+NT+EL+ET),3,0,0.8196309535995617
Ecore-555,LLM(NL+NA+NT+EL+ET),3,1,0.8213057137820562
Ecore-555,LLM(NL+NA+NT+EL+ET),3,2,0.8238122944834868
Ecore-555,LLM(NL+NA+NT+EL+ET),3,3,0.8454105601857143
Ecore-555,LLM(NL+NA+NT+EL+ET),3,4,0.8247275988693078
Ecore-555,LLM(NL+NA+NT+EL+ET),3,5,0.8237603305114429
Ecore-555,LLM(NL+NA+NT+EL+ET),3,6,0.8234944517721828
Ecore-555,LLM(NL+NA+NT+EL+ET),3,7,0.8266751811675338
Ecore-555,LLM(NL+NA+NT+EL+ET),3,8,0.8332474409468233
Ecore-555,LLM(NL+NA+NT+EL+ET),3,9,0.8295159234960282
Ecore-555,GNN(R),0,0,0.726156293494008
Ecore-555,GNN(R),0,1,0.6892758889346583
Ecore-555,GNN(R),0,2,0.7139480829871314
Ecore-555,GNN(R),0,3,0.6905342223204972
Ecore-555,GNN(R),0,4,0.697111629968949
Ecore-555,GNN(R),0,5,0.6561280012057338
Ecore-555,GNN(R),0,6,0.6824588110372165
Ecore-555,GNN(R),0,7,0.6836210451874241
Ecore-555,GNN(R),0,8,0.6801408598620506
Ecore-555,GNN(R),0,9,0.6419424274561827
Ecore-555,GNN(FTLM(NL)),0,0,0.9750449956949813
Ecore-555,GNN(FTLM(NL)),0,1,0.9649027973625425
Ecore-555,GNN(FTLM(NL)),0,2,0.9644954294220295
Ecore-555,GNN(FTLM(NL)),0,3,0.9659586283116787
Ecore-555,GNN(FTLM(NL)),0,4,0.9661753664890045
Ecore-555,GNN(FTLM(NL)),0,5,0.9712567873663099
Ecore-555,GNN(FTLM(NL)),0,6,0.9578317419874779
Ecore-555,GNN(FTLM(NL)),0,7,0.960551663544664
Ecore-555,GNN(FTLM(NL)),0,8,0.9703250663671952
Ecore-555,GNN(FTLM(NL)),0,9,0.9691646624905629
Ecore-555,GNN(FTLM(NL)),1,0,0.9679867615287301
Ecore-555,GNN(FTLM(NL)),1,1,0.9664087007548721
Ecore-555,GNN(FTLM(NL)),1,2,0.9643246023746406
Ecore-555,GNN(FTLM(NL)),1,3,0.9705331586888346
Ecore-555,GNN(FTLM(NL)),1,4,0.9804458597855316
Ecore-555,GNN(FTLM(NL)),1,5,0.9625355939889676
Ecore-555,GNN(FTLM(NL)),1,6,0.9831865443732013
Ecore-555,GNN(FTLM(NL)),1,7,0.9777518517230434
Ecore-555,GNN(FTLM(NL)),1,8,0.9673762901015205
Ecore-555,GNN(FTLM(NL)),1,9,0.9772645990037047
Ecore-555,GNN(FTLM(NL)),2,0,0.9672727726651033
Ecore-555,GNN(FTLM(NL)),2,1,0.9651474004387101
Ecore-555,GNN(FTLM(NL)),2,2,0.9686817419507906
Ecore-555,GNN(FTLM(NL)),2,3,0.9757220282774864
Ecore-555,GNN(FTLM(NL)),2,4,0.9763967202484025
Ecore-555,GNN(FTLM(NL)),2,5,0.9748788606628587
Ecore-555,GNN(FTLM(NL)),2,6,0.9797953815245181
Ecore-555,GNN(FTLM(NL)),2,7,0.9619187687382506
Ecore-555,GNN(FTLM(NL)),2,8,0.9829627952508123
Ecore-555,GNN(FTLM(NL)),2,9,0.9676455953688613
Ecore-555,GNN(FTLM(NL)),3,0,0.8347131951581974
Ecore-555,GNN(FTLM(NL)),3,1,0.836697196269656
Ecore-555,GNN(FTLM(NL)),3,2,0.8307503149060601
Ecore-555,GNN(FTLM(NL)),3,3,0.8290320026508993
Ecore-555,GNN(FTLM(NL)),3,4,0.8319513466782855
Ecore-555,GNN(FTLM(NL)),3,5,0.8399046108628705
Ecore-555,GNN(FTLM(NL)),3,6,0.8447198574324755
Ecore-555,GNN(FTLM(NL)),3,7,0.8445138814216315
Ecore-555,GNN(FTLM(NL)),3,8,0.832044071693836
Ecore-555,GNN(FTLM(NL)),3,9,0.8336673828143043
Ecore-555,GNN(FTLM(NL+NA)),0,0,0.9616351746828006
Ecore-555,GNN(FTLM(NL+NA)),0,1,0.9725984984967718
Ecore-555,GNN(FTLM(NL+NA)),0,2,0.9527006385558515
Ecore-555,GNN(FTLM(NL+NA)),0,3,0.9789067140846578
Ecore-555,GNN(FTLM(NL+NA)),0,4,0.9651215609976826
Ecore-555,GNN(FTLM(NL+NA)),0,5,0.9627318010895969
Ecore-555,GNN(FTLM(NL+NA)),0,6,0.9717156303672605
Ecore-555,GNN(FTLM(NL+NA)),0,7,0.9772609524408508
Ecore-555,GNN(FTLM(NL+NA)),0,8,0.9717406660550794
Ecore-555,GNN(FTLM(NL+NA)),0,9,0.9774219556585488
Ecore-555,GNN(FTLM(NL+NA)),1,0,0.97507487053323
Ecore-555,GNN(FTLM(NL+NA)),1,1,0.9838371088456619
Ecore-555,GNN(FTLM(NL+NA)),1,2,0.9839612803089496
Ecore-555,GNN(FTLM(NL+NA)),1,3,0.9732041696853435
Ecore-555,GNN(FTLM(NL+NA)),1,4,0.9855136471034156
Ecore-555,GNN(FTLM(NL+NA)),1,5,0.9753178696105079
Ecore-555,GNN(FTLM(NL+NA)),1,6,0.9746951457624162
Ecore-555,GNN(FTLM(NL+NA)),1,7,0.9666282106364208
Ecore-555,GNN(FTLM(NL+NA)),1,8,0.9716897599537024
Ecore-555,GNN(FTLM(NL+NA)),1,9,0.9802206619667486
Ecore-555,GNN(FTLM(NL+NA)),2,0,0.9224988247221088
Ecore-555,GNN(FTLM(NL+NA)),2,1,0.9381969920746023
Ecore-555,GNN(FTLM(NL+NA)),2,2,0.9357889276101558
Ecore-555,GNN(FTLM(NL+NA)),2,3,0.9352204913300011
Ecore-555,GNN(FTLM(NL+NA)),2,4,0.9153480624366083
Ecore-555,GNN(FTLM(NL+NA)),2,5,0.9321740566429233
Ecore-555,GNN(FTLM(NL+NA)),2,6,0.9381860800615277
Ecore-555,GNN(FTLM(NL+NA)),2,7,0.9268963603446546
Ecore-555,GNN(FTLM(NL+NA)),2,8,0.9337224535927823
Ecore-555,GNN(FTLM(NL+NA)),2,9,0.9139754138474543
Ecore-555,GNN(FTLM(NL+NA)),3,0,0.7903711442903077
Ecore-555,GNN(FTLM(NL+NA)),3,1,0.779700537522594
Ecore-555,GNN(FTLM(NL+NA)),3,2,0.7919708555805338
Ecore-555,GNN(FTLM(NL+NA)),3,3,0.7702577097925423
Ecore-555,GNN(FTLM(NL+NA)),3,4,0.7905381391066052
Ecore-555,GNN(FTLM(NL+NA)),3,5,0.7831044856987815
Ecore-555,GNN(FTLM(NL+NA)),3,6,0.7914608303813517
Ecore-555,GNN(FTLM(NL+NA)),3,7,0.7775943217031033
Ecore-555,GNN(FTLM(NL+NA)),3,8,0.7800523438020542
Ecore-555,GNN(FTLM(NL+NA)),3,9,0.8029396107585803
Ecore-555,GNN(FTLM(NL+NA+NT)),0,0,0.9683603827965022
Ecore-555,GNN(FTLM(NL+NA+NT)),0,1,0.9693517823407369
Ecore-555,GNN(FTLM(NL+NA+NT)),0,2,0.9727873437026793
Ecore-555,GNN(FTLM(NL+NA+NT)),0,3,0.966819530193437
Ecore-555,GNN(FTLM(NL+NA+NT)),0,4,0.9845236542908024
Ecore-555,GNN(FTLM(NL+NA+NT)),0,5,0.988800106513634
Ecore-555,GNN(FTLM(NL+NA+NT)),0,6,0.9693671514673333
Ecore-555,GNN(FTLM(NL+NA+NT)),0,7,0.9611917425678936
Ecore-555,GNN(FTLM(NL+NA+NT)),0,8,0.984375818423926
Ecore-555,GNN(FTLM(NL+NA+NT)),0,9,0.9838671240943337
Ecore-555,GNN(FTLM(NL+NA+NT)),1,0,0.9795732735374286
Ecore-555,GNN(FTLM(NL+NA+NT)),1,1,0.9822520914779913
Ecore-555,GNN(FTLM(NL+NA+NT)),1,2,0.9660597978734096
Ecore-555,GNN(FTLM(NL+NA+NT)),1,3,0.9716520287306245
Ecore-555,GNN(FTLM(NL+NA+NT)),1,4,0.9619271231652756
Ecore-555,GNN(FTLM(NL+NA+NT)),1,5,0.9616546973633134
Ecore-555,GNN(FTLM(NL+NA+NT)),1,6,0.9808488104581562
Ecore-555,GNN(FTLM(NL+NA+NT)),1,7,0.9676246939004551
Ecore-555,GNN(FTLM(NL+NA+NT)),1,8,0.9912365727521605
Ecore-555,GNN(FTLM(NL+NA+NT)),1,9,0.9735934408798605
Ecore-555,GNN(FTLM(NL+NA+NT)),2,0,0.9788766014781303
Ecore-555,GNN(FTLM(NL+NA+NT)),2,1,0.9903830816296508
Ecore-555,GNN(FTLM(NL+NA+NT)),2,2,0.998410098860795
Ecore-555,GNN(FTLM(NL+NA+NT)),2,3,0.9878890476754012
Ecore-555,GNN(FTLM(NL+NA+NT)),2,4,0.9742628386336508
Ecore-555,GNN(FTLM(NL+NA+NT)),2,5,0.9869680224150805
Ecore-555,GNN(FTLM(NL+NA+NT)),2,6,0.9950047844885338
Ecore-555,GNN(FTLM(NL+NA+NT)),2,7,0.9800540724077896
Ecore-555,GNN(FTLM(NL+NA+NT)),2,8,0.9778108643407097
Ecore-555,GNN(FTLM(NL+NA+NT)),2,9,0.9921315832909032
Ecore-555,GNN(FTLM(NL+NA+NT)),3,0,0.8171197419240158
Ecore-555,GNN(FTLM(NL+NA+NT)),3,1,0.8071796631785381
Ecore-555,GNN(FTLM(NL+NA+NT)),3,2,0.8129620271873476
Ecore-555,GNN(FTLM(NL+NA+NT)),3,3,0.8099547000722723
Ecore-555,GNN(FTLM(NL+NA+NT)),3,4,0.8183701493189633
Ecore-555,GNN(FTLM(NL+NA+NT)),3,5,0.8168774761079483
Ecore-555,GNN(FTLM(NL+NA+NT)),3,6,0.8252035763444817
Ecore-555,GNN(FTLM(NL+NA+NT)),3,7,0.82167732033585
Ecore-555,GNN(FTLM(NL+NA+NT)),3,8,0.8034917280477649
Ecore-555,GNN(FTLM(NL+NA+NT)),3,9,0.8192559242516422
Ecore-555,GNN(FTLM(NL+NA+NT+EL)),1,0,0.9911754585573872
Ecore-555,GNN(FTLM(NL+NA+NT+EL)),1,1,0.9876470341362631
Ecore-555,GNN(FTLM(NL+NA+NT+EL)),1,2,0.9922404772742358
Ecore-555,GNN(FTLM(NL+NA+NT+EL)),1,3,0.9796033840586392
Ecore-555,GNN(FTLM(NL+NA+NT+EL)),1,4,0.9763933453817132
Ecore-555,GNN(FTLM(NL+NA+NT+EL)),1,5,0.9914405602019399
Ecore-555,GNN(FTLM(NL+NA+NT+EL)),1,6,0.9754762826281143
Ecore-555,GNN(FTLM(NL+NA+NT+EL)),1,7,0.9667236997377784
Ecore-555,GNN(FTLM(NL+NA+NT+EL)),1,8,0.9922023995572561
Ecore-555,GNN(FTLM(NL+NA+NT+EL)),1,9,0.9782065205946503
Ecore-555,GNN(FTLM(NL+NA+NT+EL)),2,0,0.9845514703919227
Ecore-555,GNN(FTLM(NL+NA+NT+EL)),2,1,0.9758161652141567
Ecore-555,GNN(FTLM(NL+NA+NT+EL)),2,2,0.976395779303959
Ecore-555,GNN(FTLM(NL+NA+NT+EL)),2,3,0.9777472892641951
Ecore-555,GNN(FTLM(NL+NA+NT+EL)),2,4,0.9841148011861455
Ecore-555,GNN(FTLM(NL+NA+NT+EL)),2,5,0.9899599926092474
Ecore-555,GNN(FTLM(NL+NA+NT+EL)),2,6,0.9686175102739407
Ecore-555,GNN(FTLM(NL+NA+NT+EL)),2,7,0.9930173853969442
Ecore-555,GNN(FTLM(NL+NA+NT+EL)),2,8,0.9775440146976911
Ecore-555,GNN(FTLM(NL+NA+NT+EL)),2,9,0.9784695059363675
Ecore-555,GNN(FTLM(NL+NA+NT+EL)),3,0,0.8494228431045999
Ecore-555,GNN(FTLM(NL+NA+NT+EL)),3,1,0.8434029285398849
Ecore-555,GNN(FTLM(NL+NA+NT+EL)),3,2,0.8317085297100745
Ecore-555,GNN(FTLM(NL+NA+NT+EL)),3,3,0.858756741497875
Ecore-555,GNN(FTLM(NL+NA+NT+EL)),3,4,0.8371150271604737
Ecore-555,GNN(FTLM(NL+NA+NT+EL)),3,5,0.8459785276155799
Ecore-555,GNN(FTLM(NL+NA+NT+EL)),3,6,0.8455991227888628
Ecore-555,GNN(FTLM(NL+NA+NT+EL)),3,7,0.8552906172949055
Ecore-555,GNN(FTLM(NL+NA+NT+EL)),3,8,0.8403546493164329
Ecore-555,GNN(FTLM(NL+NA+NT+EL)),3,9,0.8520647174750607
Ecore-555,GNN(FTLM(NL+NA+NT+EL+ET)),1,0,0.9620648838214549
Ecore-555,GNN(FTLM(NL+NA+NT+EL+ET)),1,1,0.9769770308680177
Ecore-555,GNN(FTLM(NL+NA+NT+EL+ET)),1,2,0.9618961229633453
Ecore-555,GNN(FTLM(NL+NA+NT+EL+ET)),1,3,0.965102327211084
Ecore-555,GNN(FTLM(NL+NA+NT+EL+ET)),1,4,0.9831677323831922
Ecore-555,GNN(FTLM(NL+NA+NT+EL+ET)),1,5,0.9705357711049467
Ecore-555,GNN(FTLM(NL+NA+NT+EL+ET)),1,6,0.9688780717816216
Ecore-555,GNN(FTLM(NL+NA+NT+EL+ET)),1,7,0.9859363942000964
Ecore-555,GNN(FTLM(NL+NA+NT+EL+ET)),1,8,0.9708908533922679
Ecore-555,GNN(FTLM(NL+NA+NT+EL+ET)),1,9,0.9614709015381712
Ecore-555,GNN(FTLM(NL+NA+NT+EL+ET)),2,0,0.9748770239863561
Ecore-555,GNN(FTLM(NL+NA+NT+EL+ET)),2,1,0.9595465526639352
Ecore-555,GNN(FTLM(NL+NA+NT+EL+ET)),2,2,0.9780265323099513
Ecore-555,GNN(FTLM(NL+NA+NT+EL+ET)),2,3,0.9786478220785613
Ecore-555,GNN(FTLM(NL+NA+NT+EL+ET)),2,4,0.9644163265716702
Ecore-555,GNN(FTLM(NL+NA+NT+EL+ET)),2,5,0.9639767852057292
Ecore-555,GNN(FTLM(NL+NA+NT+EL+ET)),2,6,0.9704120340988073
Ecore-555,GNN(FTLM(NL+NA+NT+EL+ET)),2,7,0.9691132412142317
Ecore-555,GNN(FTLM(NL+NA+NT+EL+ET)),2,8,0.9611784990650692
Ecore-555,GNN(FTLM(NL+NA+NT+EL+ET)),2,9,0.9735447029305505
Ecore-555,GNN(FTLM(NL+NA+NT+EL+ET)),3,0,0.9646649944298895
Ecore-555,GNN(FTLM(NL+NA+NT+EL+ET)),3,1,0.9775371243339434
Ecore-555,GNN(FTLM(NL+NA+NT+EL+ET)),3,2,0.9777684722811444
Ecore-555,GNN(FTLM(NL+NA+NT+EL+ET)),3,3,0.9788138755878202
Ecore-555,GNN(FTLM(NL+NA+NT+EL+ET)),3,4,0.9834577912430057
Ecore-555,GNN(FTLM(NL+NA+NT+EL+ET)),3,5,0.9711758205886469
Ecore-555,GNN(FTLM(NL+NA+NT+EL+ET)),3,6,0.9857081206658865
Ecore-555,GNN(FTLM(NL+NA+NT+EL+ET)),3,7,0.9795587678774265
Ecore-555,GNN(FTLM(NL+NA+NT+EL+ET)),3,8,0.975798271105491
Ecore-555,GNN(FTLM(NL+NA+NT+EL+ET)),3,9,0.9700653909240351
ModelSet,LLM(NL),0,0,0.898535125826139
ModelSet,LLM(NL),0,1,0.9108825981762341
ModelSet,LLM(NL),0,2,0.9002892071236631
ModelSet,LLM(NL),0,3,0.9085135895828156
ModelSet,LLM(NL),0,4,0.916495863638065
ModelSet,LLM(NL),0,5,0.91626114092277
ModelSet,LLM(NL),0,6,0.9204831756861026
ModelSet,LLM(NL),0,7,0.9056296534118575
ModelSet,LLM(NL),0,8,0.8993188074254497
ModelSet,LLM(NL),0,9,0.9161642040831027
ModelSet,LLM(NL),1,0,0.9364768308040367
ModelSet,LLM(NL),1,1,0.9429916052006194
ModelSet,LLM(NL),1,2,0.9340884485684322
ModelSet,LLM(NL),1,3,0.9435651681957011
ModelSet,LLM(NL),1,4,0.9407710993604342
ModelSet,LLM(NL),1,5,0.9397313672273411
ModelSet,LLM(NL),1,6,0.9380281830223725
ModelSet,LLM(NL),1,7,0.937181592100233
ModelSet,LLM(NL),1,8,0.9358642864561174
ModelSet,LLM(NL),1,9,0.9358072499162324
ModelSet,LLM(NL),2,0,0.9559215567644775
ModelSet,LLM(NL),2,1,0.9439041626087123
ModelSet,LLM(NL),2,2,0.9618854810887504
ModelSet,LLM(NL),2,3,0.9471500596371263
ModelSet,LLM(NL),2,4,0.9558830575607106
ModelSet,LLM(NL),2,5,0.9472780704976892
ModelSet,LLM(NL),2,6,0.9460266720365577
ModelSet,LLM(NL),2,7,0.9642579318858462
ModelSet,LLM(NL),2,8,0.9455252417183889
ModelSet,LLM(NL),2,9,0.9377822658985948
ModelSet,LLM(NL),3,0,0.9262873427278342
ModelSet,LLM(NL),3,1,0.9294621763719344
ModelSet,LLM(NL),3,2,0.9492415348217422
ModelSet,LLM(NL),3,3,0.9336540474576506
ModelSet,LLM(NL),3,4,0.9394777071983944
ModelSet,LLM(NL),3,5,0.9239872003449594
ModelSet,LLM(NL),3,6,0.9348208663180892
ModelSet,LLM(NL),3,7,0.9373718267871718
ModelSet,LLM(NL),3,8,0.9464130156437148
ModelSet,LLM(NL),3,9,0.9264298364134083
ModelSet,LLM(NL+NA),0,0,0.9218279157015508
ModelSet,LLM(NL+NA),0,1,0.9194206712676266
ModelSet,LLM(NL+NA),0,2,0.9088262823157442
ModelSet,LLM(NL+NA),0,3,0.9168443501153106
ModelSet,LLM(NL+NA),0,4,0.9148922007237089
ModelSet,LLM(NL+NA),0,5,0.8983970765924257
ModelSet,LLM(NL+NA),0,6,0.9217893529950578
ModelSet,LLM(NL+NA),0,7,0.9213219473579483
ModelSet,LLM(NL+NA),0,8,0.9134885216480318
ModelSet,LLM(NL+NA),0,9,0.9062915044430825
ModelSet,LLM(NL+NA),1,0,0.948839046937061
ModelSet,LLM(NL+NA),1,1,0.9391279942991504
ModelSet,LLM(NL+NA),1,2,0.945133610352093
ModelSet,LLM(NL+NA),1,3,0.9482825743736162
ModelSet,LLM(NL+NA),1,4,0.9328327457254159
ModelSet,LLM(NL+NA),1,5,0.9434972362611261
ModelSet,LLM(NL+NA),1,6,0.9350708078906391
ModelSet,LLM(NL+NA),1,7,0.936499610868001
ModelSet,LLM(NL+NA),1,8,0.9363150750668906
ModelSet,LLM(NL+NA),1,9,0.9369894485403598
ModelSet,LLM(NL+NA),2,0,0.9539116815970347
ModelSet,LLM(NL+NA),2,1,0.9459906202482289
ModelSet,LLM(NL+NA),2,2,0.9437701380155352
ModelSet,LLM(NL+NA),2,3,0.942787702147867
ModelSet,LLM(NL+NA),2,4,0.9477305131936415
ModelSet,LLM(NL+NA),2,5,0.9378410554935367
ModelSet,LLM(NL+NA),2,6,0.9409787325556003
ModelSet,LLM(NL+NA),2,7,0.9445817553511419
ModelSet,LLM(NL+NA),2,8,0.940473213502333
ModelSet,LLM(NL+NA),2,9,0.9440521907765049
ModelSet,LLM(NL+NA),3,0,0.931113785096648
ModelSet,LLM(NL+NA),3,1,0.9520316622322318
ModelSet,LLM(NL+NA),3,2,0.9466324859251828
ModelSet,LLM(NL+NA),3,3,0.9395996173045156
ModelSet,LLM(NL+NA),3,4,0.9355710518548892
ModelSet,LLM(NL+NA),3,5,0.9535261133023938
ModelSet,LLM(NL+NA),3,6,0.938583623264589
ModelSet,LLM(NL+NA),3,7,0.9353052359370492
ModelSet,LLM(NL+NA),3,8,0.9384250110145477
ModelSet,LLM(NL+NA),3,9,0.9384475456512954
ModelSet,LLM(NL+NA+NT),0,0,0.9272825416518699
ModelSet,LLM(NL+NA+NT),0,1,0.9158482824601286
ModelSet,LLM(NL+NA+NT),0,2,0.9327945985924581
ModelSet,LLM(NL+NA+NT),0,3,0.9089438299199863
ModelSet,LLM(NL+NA+NT),0,4,0.9215524017353508
ModelSet,LLM(NL+NA+NT),0,5,0.9079853857868175
ModelSet,LLM(NL+NA+NT),0,6,0.9305368076529917
ModelSet,LLM(NL+NA+NT),0,7,0.9133554764888546
ModelSet,LLM(NL+NA+NT),0,8,0.9155344858255007
ModelSet,LLM(NL+NA+NT),0,9,0.9233938952504203
ModelSet,LLM(NL+NA+NT),1,0,0.9450427254722258
ModelSet,LLM(NL+NA+NT),1,1,0.9261049853072937
ModelSet,LLM(NL+NA+NT),1,2,0.9322307280668678
ModelSet,LLM(NL+NA+NT),1,3,0.9238406138176019
ModelSet,LLM(NL+NA+NT),1,4,0.9360984412110043
ModelSet,LLM(NL+NA+NT),1,5,0.9341890197188694
ModelSet,LLM(NL+NA+NT),1,6,0.9322085278179235
ModelSet,LLM(NL+NA+NT),1,7,0.9295243092887951
ModelSet,LLM(NL+NA+NT),1,8,0.9319127482892171
ModelSet,LLM(NL+NA+NT),1,9,0.9290288372901565
ModelSet,LLM(NL+NA+NT),2,0,0.895231694736209
ModelSet,LLM(NL+NA+NT),2,1,0.9031276003776376
ModelSet,LLM(NL+NA+NT),2,2,0.8755542071314478
ModelSet,LLM(NL+NA+NT),2,3,0.8900722598714285
ModelSet,LLM(NL+NA+NT),2,4,0.8876546258072472
ModelSet,LLM(NL+NA+NT),2,5,0.8949389487080104
ModelSet,LLM(NL+NA+NT),2,6,0.8833858638612503
ModelSet,LLM(NL+NA+NT),2,7,0.8898285133544578
ModelSet,LLM(NL+NA+NT),2,8,0.882683262540172
ModelSet,LLM(NL+NA+NT),2,9,0.8965735827477823
ModelSet,LLM(NL+NA+NT),3,0,0.9327941970396664
ModelSet,LLM(NL+NA+NT),3,1,0.9307082034754918
ModelSet,LLM(NL+NA+NT),3,2,0.9349615034320828
ModelSet,LLM(NL+NA+NT),3,3,0.9300281335629526
ModelSet,LLM(NL+NA+NT),3,4,0.9195694321361855
ModelSet,LLM(NL+NA+NT),3,5,0.9367658432794662
ModelSet,LLM(NL+NA+NT),3,6,0.9343061613636598
ModelSet,LLM(NL+NA+NT),3,7,0.9307673631876411
ModelSet,LLM(NL+NA+NT),3,8,0.9398793994450685
ModelSet,LLM(NL+NA+NT),3,9,0.9417479643983352
ModelSet,LLM(NL+NA+NT+EL),1,0,0.9312617389270278
ModelSet,LLM(NL+NA+NT+EL),1,1,0.9337513914241183
ModelSet,LLM(NL+NA+NT+EL),1,2,0.9523782807661427
ModelSet,LLM(NL+NA+NT+EL),1,3,0.9513508149327304
ModelSet,LLM(NL+NA+NT+EL),1,4,0.9340928549713111
ModelSet,LLM(NL+NA+NT+EL),1,5,0.9305543195821068
ModelSet,LLM(NL+NA+NT+EL),1,6,0.9348994595701121
ModelSet,LLM(NL+NA+NT+EL),1,7,0.936015068745459
ModelSet,LLM(NL+NA+NT+EL),1,8,0.9273274733449062
ModelSet,LLM(NL+NA+NT+EL),1,9,0.9402493380219941
ModelSet,LLM(NL+NA+NT+EL),2,0,0.9187585687220678
ModelSet,LLM(NL+NA+NT+EL),2,1,0.9193168827996678
ModelSet,LLM(NL+NA+NT+EL),2,2,0.9363288513781289
ModelSet,LLM(NL+NA+NT+EL),2,3,0.9235344857961539
ModelSet,LLM(NL+NA+NT+EL),2,4,0.9284282305430844
ModelSet,LLM(NL+NA+NT+EL),2,5,0.9340327708454056
ModelSet,LLM(NL+NA+NT+EL),2,6,0.9355057925767298
ModelSet,LLM(NL+NA+NT+EL),2,7,0.926303838969658
ModelSet,LLM(NL+NA+NT+EL),2,8,0.9293529398292368
ModelSet,LLM(NL+NA+NT+EL),2,9,0.9223967520848421
ModelSet,LLM(NL+NA+NT+EL),3,0,0.9619790375716721
ModelSet,LLM(NL+NA+NT+EL),3,1,0.9531995985421051
ModelSet,LLM(NL+NA+NT+EL),3,2,0.9391740817605917
ModelSet,LLM(NL+NA+NT+EL),3,3,0.9480324637508507
ModelSet,LLM(NL+NA+NT+EL),3,4,0.9537084134988756
ModelSet,LLM(NL+NA+NT+EL),3,5,0.9518352877325499
ModelSet,LLM(NL+NA+NT+EL),3,6,0.9626333609443232
ModelSet,LLM(NL+NA+NT+EL),3,7,0.9589785529054673
ModelSet,LLM(NL+NA+NT+EL),3,8,0.9436855483373878
ModelSet,LLM(NL+NA+NT+EL),3,9,0.9472865559963018
ModelSet,LLM(NL+NA+NT+EL+ET),1,0,0.9307476688561904
ModelSet,LLM(NL+NA+NT+EL+ET),1,1,0.9429956238631155
ModelSet,LLM(NL+NA+NT+EL+ET),1,2,0.9422081684763707
ModelSet,LLM(NL+NA+NT+EL+ET),1,3,0.9626278629009523
ModelSet,LLM(NL+NA+NT+EL+ET),1,4,0.9417806008336769
ModelSet,LLM(NL+NA+NT+EL+ET),1,5,0.9242539809547913
ModelSet,LLM(NL+NA+NT+EL+ET),1,6,0.9356233081063635
ModelSet,LLM(NL+NA+NT+EL+ET),1,7,0.9418987936922005
ModelSet,LLM(NL+NA+NT+EL+ET),1,8,0.9309518776592575
ModelSet,LLM(NL+NA+NT+EL+ET),1,9,0.9340623385275874
ModelSet,LLM(NL+NA+NT+EL+ET),2,0,0.8810749135341752
ModelSet,LLM(NL+NA+NT+EL+ET),2,1,0.8867344930757249
ModelSet,LLM(NL+NA+NT+EL+ET),2,2,0.8826772639103018
ModelSet,LLM(NL+NA+NT+EL+ET),2,3,0.8768861401004245
ModelSet,LLM(NL+NA+NT+EL+ET),2,4,0.890301449875961
ModelSet,LLM(NL+NA+NT+EL+ET),2,5,0.8796829004038037
ModelSet,LLM(NL+NA+NT+EL+ET),2,6,0.8800055292527058
ModelSet,LLM(NL+NA+NT+EL+ET),2,7,0.8729627872643897
ModelSet,LLM(NL+NA+NT+EL+ET),2,8,0.8777118740675051
ModelSet,LLM(NL+NA+NT+EL+ET),2,9,0.8892141727670813
ModelSet,LLM(NL+NA+NT+EL+ET),3,0,0.9290587587317299
ModelSet,LLM(NL+NA+NT+EL+ET),3,1,0.9414306104429303
ModelSet,LLM(NL+NA+NT+EL+ET),3,2,0.947741800186199
ModelSet,LLM(NL+NA+NT+EL+ET),3,3,0.9389831311429739
ModelSet,LLM(NL+NA+NT+EL+ET),3,4,0.9439183241472396
ModelSet,LLM(NL+NA+NT+EL+ET),3,5,0.9330656479089365
ModelSet,LLM(NL+NA+NT+EL+ET),3,6,0.9524822232174779
ModelSet,LLM(NL+NA+NT+EL+ET),3,7,0.950808402688822
ModelSet,LLM(NL+NA+NT+EL+ET),3,8,0.9438839926654665
ModelSet,LLM(NL+NA+NT+EL+ET),3,9,0.9279593691206726
ModelSet,GNN(R),0,0,0.6460807532460587
ModelSet,GNN(R),0,1,0.6865340612386269
ModelSet,GNN(R),0,2,0.7012624218055741
ModelSet,GNN(R),0,3,0.6729323087997001
ModelSet,GNN(R),0,4,0.691946378680714
ModelSet,GNN(R),0,5,0.6548447659315693
ModelSet,GNN(R),0,6,0.663212256867782
ModelSet,GNN(R),0,7,0.6670229580712662
ModelSet,GNN(R),0,8,0.6754619350747
ModelSet,GNN(R),0,9,0.6364238081911017
ModelSet,GNN(FTLM(NL)),0,0,0.9745253347403063
ModelSet,GNN(FTLM(NL)),0,1,0.9775803731549343
ModelSet,GNN(FTLM(NL)),0,2,0.9578101188092802
ModelSet,GNN(FTLM(NL)),0,3,0.9561572826299212
ModelSet,GNN(FTLM(NL)),0,4,0.9698044809169409
ModelSet,GNN(FTLM(NL)),0,5,0.9617655047511003
ModelSet,GNN(FTLM(NL)),0,6,0.9480333625392169
ModelSet,GNN(FTLM(NL)),0,7,0.9734686681282029
ModelSet,GNN(FTLM(NL)),0,8,0.9682447553352082
ModelSet,GNN(FTLM(NL)),0,9,0.9631868240175372
ModelSet,GNN(FTLM(NL)),1,0,0.9969075543416859
ModelSet,GNN(FTLM(NL)),1,1,0.9811112340134373
ModelSet,GNN(FTLM(NL)),1,2,0.9739725595175583
ModelSet,GNN(FTLM(NL)),1,3,0.9808092144968028
ModelSet,GNN(FTLM(NL)),1,4,0.9716794458605529
ModelSet,GNN(FTLM(NL)),1,5,0.973906345807674
ModelSet,GNN(FTLM(NL)),1,6,0.9830909024170015
ModelSet,GNN(FTLM(NL)),1,7,0.975566414350302
ModelSet,GNN(FTLM(NL)),1,8,0.9763922074082381
ModelSet,GNN(FTLM(NL)),1,9,0.9933515588867262
ModelSet,GNN(FTLM(NL)),2,0,0.984877190265491
ModelSet,GNN(FTLM(NL)),2,1,0.9844226065608546
ModelSet,GNN(FTLM(NL)),2,2,0.9822305336175857
ModelSet,GNN(FTLM(NL)),2,3,0.9818736124937936
ModelSet,GNN(FTLM(NL)),2,4,0.9896526791912571
ModelSet,GNN(FTLM(NL)),2,5,0.9778436321121987
ModelSet,GNN(FTLM(NL)),2,6,0.9928441129991982
ModelSet,GNN(FTLM(NL)),2,7,0.9703887866563015
ModelSet,GNN(FTLM(NL)),2,8,0.97595969849823
ModelSet,GNN(FTLM(NL)),2,9,0.9669712291089929
ModelSet,GNN(FTLM(NL)),3,0,0.8202498158424564
ModelSet,GNN(FTLM(NL)),3,1,0.8271475394636352
ModelSet,GNN(FTLM(NL)),3,2,0.8346099751138014
ModelSet,GNN(FTLM(NL)),3,3,0.8176933796944247
ModelSet,GNN(FTLM(NL)),3,4,0.8230424357887928
ModelSet,GNN(FTLM(NL)),3,5,0.8201263168013204
ModelSet,GNN(FTLM(NL)),3,6,0.8170912004737207
ModelSet,GNN(FTLM(NL)),3,7,0.8134849643716213
ModelSet,GNN(FTLM(NL)),3,8,0.8234852893224144
ModelSet,GNN(FTLM(NL)),3,9,0.8091434799965187
ModelSet,GNN(FTLM(NL+NA)),0,0,0.972884345206596
ModelSet,GNN(FTLM(NL+NA)),0,1,0.972167615483902
ModelSet,GNN(FTLM(NL+NA)),0,2,0.9667379976086089
ModelSet,GNN(FTLM(NL+NA)),0,3,0.9639127714407203
ModelSet,GNN(FTLM(NL+NA)),0,4,0.9609255417471275
ModelSet,GNN(FTLM(NL+NA)),0,5,0.9869706272878219
ModelSet,GNN(FTLM(NL+NA)),0,6,0.9612642234864893
ModelSet,GNN(FTLM(NL+NA)),0,7,0.9844616188764009
ModelSet,GNN(FTLM(NL+NA)),0,8,0.9768013180789401
ModelSet,GNN(FTLM(NL+NA)),0,9,0.969087832253721
ModelSet,GNN(FTLM(NL+NA)),1,0,0.9727433852502266
ModelSet,GNN(FTLM(NL+NA)),1,1,0.9903399479748799
ModelSet,GNN(FTLM(NL+NA)),1,2,0.9958372095739366
ModelSet,GNN(FTLM(NL+NA)),1,3,0.9745278047295215
ModelSet,GNN(FTLM(NL+NA)),1,4,0.9796100383529566
ModelSet,GNN(FTLM(NL+NA)),1,5,0.9904129901183497
ModelSet,GNN(FTLM(NL+NA)),1,6,0.9846862668802148
ModelSet,GNN(FTLM(NL+NA)),1,7,0.9979996876492492
ModelSet,GNN(FTLM(NL+NA)),1,8,0.9774388444042292
ModelSet,GNN(FTLM(NL+NA)),1,9,0.9863383296669561
ModelSet,GNN(FTLM(NL+NA)),2,0,0.9359925762404666
ModelSet,GNN(FTLM(NL+NA)),2,1,0.9627671338439924
ModelSet,GNN(FTLM(NL+NA)),2,2,0.9401572735016939
ModelSet,GNN(FTLM(NL+NA)),2,3,0.9283362637656384
ModelSet,GNN(FTLM(NL+NA)),2,4,0.9449938878299229
ModelSet,GNN(FTLM(NL+NA)),2,5,0.9448845550310934
ModelSet,GNN(FTLM(NL+NA)),2,6,0.9613245721004943
ModelSet,GNN(FTLM(NL+NA)),2,7,0.9432894428369301
ModelSet,GNN(FTLM(NL+NA)),2,8,0.9458988500468631
ModelSet,GNN(FTLM(NL+NA)),2,9,0.9507475109753022
ModelSet,GNN(FTLM(NL+NA)),3,0,0.9366901654648759
ModelSet,GNN(FTLM(NL+NA)),3,1,0.9234941630846977
ModelSet,GNN(FTLM(NL+NA)),3,2,0.9323158231487031
ModelSet,GNN(FTLM(NL+NA)),3,3,0.9281446767044879
ModelSet,GNN(FTLM(NL+NA)),3,4,0.9216301173219044
ModelSet,GNN(FTLM(NL+NA)),3,5,0.9246204355359287
ModelSet,GNN(FTLM(NL+NA)),3,6,0.924229391030854
ModelSet,GNN(FTLM(NL+NA)),3,7,0.9166718029142598
ModelSet,GNN(FTLM(NL+NA)),3,8,0.9337094460355688
ModelSet,GNN(FTLM(NL+NA)),3,9,0.9129150379786547
ModelSet,GNN(FTLM(NL+NA+NT)),0,0,0.9793693513804066
ModelSet,GNN(FTLM(NL+NA+NT)),0,1,0.9776353546329966
ModelSet,GNN(FTLM(NL+NA+NT)),0,2,0.9692556059353611
ModelSet,GNN(FTLM(NL+NA+NT)),0,3,0.9638764452202101
ModelSet,GNN(FTLM(NL+NA+NT)),0,4,0.9681885993147048
ModelSet,GNN(FTLM(NL+NA+NT)),0,5,0.9737821972639615
ModelSet,GNN(FTLM(NL+NA+NT)),0,6,0.9759444675149114
ModelSet,GNN(FTLM(NL+NA+NT)),0,7,0.9722953517083186
ModelSet,GNN(FTLM(NL+NA+NT)),0,8,0.9779370906891265
ModelSet,GNN(FTLM(NL+NA+NT)),0,9,0.9655405234237803
ModelSet,GNN(FTLM(NL+NA+NT)),1,0,0.9798766111880002
ModelSet,GNN(FTLM(NL+NA+NT)),1,1,0.9654532335130444
ModelSet,GNN(FTLM(NL+NA+NT)),1,2,0.9841090132706992
ModelSet,GNN(FTLM(NL+NA+NT)),1,3,0.9792254100156127
ModelSet,GNN(FTLM(NL+NA+NT)),1,4,0.9746754065826022
ModelSet,GNN(FTLM(NL+NA+NT)),1,5,0.9872923393497539
ModelSet,GNN(FTLM(NL+NA+NT)),1,6,0.983532209190372
ModelSet,GNN(FTLM(NL+NA+NT)),1,7,0.9554688460660474
ModelSet,GNN(FTLM(NL+NA+NT)),1,8,0.9783190659861388
ModelSet,GNN(FTLM(NL+NA+NT)),1,9,0.9663598080261777
ModelSet,GNN(FTLM(NL+NA+NT)),2,0,0.9655332789957468
ModelSet,GNN(FTLM(NL+NA+NT)),2,1,0.9769125985832385
ModelSet,GNN(FTLM(NL+NA+NT)),2,2,0.9528517319142772
ModelSet,GNN(FTLM(NL+NA+NT)),2,3,0.9575966332200154
ModelSet,GNN(FTLM(NL+NA+NT)),2,4,0.9549917314087312
ModelSet,GNN(FTLM(NL+NA+NT)),2,5,0.9598065048977618
ModelSet,GNN(FTLM(NL+NA+NT)),2,6,0.9621563921248704
ModelSet,GNN(FTLM(NL+NA+NT)),2,7,0.9672975514923223
ModelSet,GNN(FTLM(NL+NA+NT)),2,8,0.9491006293240177
ModelSet,GNN(FTLM(NL+NA+NT)),2,9,0.9695730784945888
ModelSet,GNN(FTLM(NL+NA+NT)),3,0,0.9105478891516512
ModelSet,GNN(FTLM(NL+NA+NT)),3,1,0.92021670959496
ModelSet,GNN(FTLM(NL+NA+NT)),3,2,0.9272686131166136
ModelSet,GNN(FTLM(NL+NA+NT)),3,3,0.923705589907184
ModelSet,GNN(FTLM(NL+NA+NT)),3,4,0.9104914004720932
ModelSet,GNN(FTLM(NL+NA+NT)),3,5,0.9123846110654038
ModelSet,GNN(FTLM(NL+NA+NT)),3,6,0.9143013527781505
ModelSet,GNN(FTLM(NL+NA+NT)),3,7,0.9175906457509928
ModelSet,GNN(FTLM(NL+NA+NT)),3,8,0.9271756259865499
ModelSet,GNN(FTLM(NL+NA+NT)),3,9,0.9076655084999857
ModelSet,GNN(FTLM(NL+NA+NT+EL)),1,0,0.9867336120369019
ModelSet,GNN(FTLM(NL+NA+NT+EL)),1,1,0.9878797794573829
ModelSet,GNN(FTLM(NL+NA+NT+EL)),1,2,0.9874663097772617
ModelSet,GNN(FTLM(NL+NA+NT+EL)),1,3,0.9867304506756639
ModelSet,GNN(FTLM(NL+NA+NT+EL)),1,4,0.9951465449705593
ModelSet,GNN(FTLM(NL+NA+NT+EL)),1,5,0.9869024667469298
ModelSet,GNN(FTLM(NL+NA+NT+EL)),1,6,0.9898556739564797
ModelSet,GNN(FTLM(NL+NA+NT+EL)),1,7,0.9875083720394189
ModelSet,GNN(FTLM(NL+NA+NT+EL)),1,8,0.9973449026618263
ModelSet,GNN(FTLM(NL+NA+NT+EL)),1,9,0.967801562083497
ModelSet,GNN(FTLM(NL+NA+NT+EL)),2,0,0.9962568686169543
ModelSet,GNN(FTLM(NL+NA+NT+EL)),2,1,0.9839117538059725
ModelSet,GNN(FTLM(NL+NA+NT+EL)),2,2,0.9837542651165089
ModelSet,GNN(FTLM(NL+NA+NT+EL)),2,3,0.9782441860541887
ModelSet,GNN(FTLM(NL+NA+NT+EL)),2,4,0.9710504362559453
ModelSet,GNN(FTLM(NL+NA+NT+EL)),2,5,0.9829448412195395
ModelSet,GNN(FTLM(NL+NA+NT+EL)),2,6,0.9805016535238579
ModelSet,GNN(FTLM(NL+NA+NT+EL)),2,7,0.9899533918356855
ModelSet,GNN(FTLM(NL+NA+NT+EL)),2,8,0.9742219002165006
ModelSet,GNN(FTLM(NL+NA+NT+EL)),2,9,0.997452905436353
ModelSet,GNN(FTLM(NL+NA+NT+EL)),3,0,0.9881754707457149
ModelSet,GNN(FTLM(NL+NA+NT+EL)),3,1,0.9840167784677537
ModelSet,GNN(FTLM(NL+NA+NT+EL)),3,2,0.9803246132065129
ModelSet,GNN(FTLM(NL+NA+NT+EL)),3,3,0.9797023435563803
ModelSet,GNN(FTLM(NL+NA+NT+EL)),3,4,0.9769593026830351
ModelSet,GNN(FTLM(NL+NA+NT+EL)),3,5,0.9816451142007426
ModelSet,GNN(FTLM(NL+NA+NT+EL)),3,6,0.9860484033191561
ModelSet,GNN(FTLM(NL+NA+NT+EL)),3,7,0.9845810924044511
ModelSet,GNN(FTLM(NL+NA+NT+EL)),3,8,0.9746840970095617
ModelSet,GNN(FTLM(NL+NA+NT+EL)),3,9,0.9838733740716504
ModelSet,GNN(FTLM(NL+NA+NT+EL+ET)),1,0,0.9698545366773034
ModelSet,GNN(FTLM(NL+NA+NT+EL+ET)),1,1,0.9782790574804966
ModelSet,GNN(FTLM(NL+NA+NT+EL+ET)),1,2,0.9919172150016329
ModelSet,GNN(FTLM(NL+NA+NT+EL+ET)),1,3,0.9820001815529061
ModelSet,GNN(FTLM(NL+NA+NT+EL+ET)),1,4,0.9744950404894227
ModelSet,GNN(FTLM(NL+NA+NT+EL+ET)),1,5,0.964000934612204
ModelSet,GNN(FTLM(NL+NA+NT+EL+ET)),1,6,0.9656822055305697
ModelSet,GNN(FTLM(NL+NA+NT+EL+ET)),1,7,0.9635062133961945
ModelSet,GNN(FTLM(NL+NA+NT+EL+ET)),1,8,0.9828077477072067
ModelSet,GNN(FTLM(NL+NA+NT+EL+ET)),1,9,0.970879445199648
ModelSet,GNN(FTLM(NL+NA+NT+EL+ET)),2,0,0.985500802072994
ModelSet,GNN(FTLM(NL+NA+NT+EL+ET)),2,1,0.9800238865396608
ModelSet,GNN(FTLM(NL+NA+NT+EL+ET)),2,2,0.985729572334988
ModelSet,GNN(FTLM(NL+NA+NT+EL+ET)),2,3,0.9962134170471156
ModelSet,GNN(FTLM(NL+NA+NT+EL+ET)),2,4,0.979520432543061
ModelSet,GNN(FTLM(NL+NA+NT+EL+ET)),2,5,0.9822723572861749
ModelSet,GNN(FTLM(NL+NA+NT+EL+ET)),2,6,0.978549248709358
ModelSet,GNN(FTLM(NL+NA+NT+EL+ET)),2,7,0.9919965992281546
ModelSet,GNN(FTLM(NL+NA+NT+EL+ET)),2,8,0.9767942624806861
ModelSet,GNN(FTLM(NL+NA+NT+EL+ET)),2,9,0.9759361340439283
ModelSet,GNN(FTLM(NL+NA+NT+EL+ET)),3,0,0.968898696275427
ModelSet,GNN(FTLM(NL+NA+NT+EL+ET)),3,1,0.9687322118864781
ModelSet,GNN(FTLM(NL+NA+NT+EL+ET)),3,2,0.9837671547093709
ModelSet,GNN(FTLM(NL+NA+NT+EL+ET)),3,3,1.0
ModelSet,GNN(FTLM(NL+NA+NT+EL+ET)),3,4,0.9720369894687443
ModelSet,GNN(FTLM(NL+NA+NT+EL+ET)),3,5,0.9876123665864504
ModelSet,GNN(FTLM(NL+NA+NT+EL+ET)),3,6,0.982008856333379
ModelSet,GNN(FTLM(NL+NA+NT+EL+ET)),3,7,0.9711838194699841
ModelSet,GNN(FTLM(NL+NA+NT+EL+ET)),3,8,0.9777864035997841
ModelSet,GNN(FTLM(NL+NA+NT+EL+ET)),3,9,0.9781366665946337
