dataset,target,config,k,seed,f1
EAModelSet,Layer,LLM(NL),0,0,0.7420123015335748
EAModelSet,Layer,LLM(NL),0,1,0.7449874553750847
EAModelSet,Layer,LLM(NL),0,2,0.7392586214463778
EAModelSet,Layer,LLM(NL),0,3,0.7330940816124273
EAModelSet,Layer,LLM(NL),0,4,0.7374532921482828
EAModelSet,Layer,LLM(NL),0,5,0.7320835344500354
EAModelSet,Layer,LLM(NL),0,6,0.7426014360259744
EAModelSet,Layer,LLM(NL),0,7,0.7554021524555453
EAModelSet,Layer,LLM(NL),0,8,0.7370779348144867
EAModelSet,Layer,LLM(NL),0,9,0.7357952510018005
EAModelSet,Layer,LLM(NL),1,0,0.8308984205018519
EAModelSet,Layer,LLM(NL),1,1,0.8295688700816005
EAModelSet,Layer,LLM(NL),1,2,0.827054142489979
EAModelSet,Layer,LLM(NL),1,3,0.816695319552918
EAModelSet,Layer,LLM(NL),1,4,0.8257074817753672
EAModelSet,Layer,LLM(NL),1,5,0.8329530319445828
EAModelSet,Layer,LLM(NL),1,6,0.8125578545271491
EAModelSet,Layer,LLM(NL),1,7,0.8214238423895978
EAModelSet,Layer,LLM(NL),1,8,0.8069877726019915
EAModelSet,Layer,LLM(NL),1,9,0.8131046226021502
EAModelSet,Layer,LLM(NL),2,0,0.7985826496220826
EAModelSet,Layer,LLM(NL),2,1,0.8146490886892531
EAModelSet,Layer,LLM(NL),2,2,0.8043255351855629
EAModelSet,Layer,LLM(NL),2,3,0.8197126435882169
EAModelSet,Layer,LLM(NL),2,4,0.8185675108662422
EAModelSet,Layer,LLM(NL),2,5,0.8151306905537004
EAModelSet,Layer,LLM(NL),2,6,0.7918324028917948
EAModelSet,Layer,LLM(NL),2,7,0.8116130710415336
EAModelSet,Layer,LLM(NL),2,8,0.8165149905459892
EAModelSet,Layer,LLM(NL),2,9,0.818133089860033
EAModelSet,Layer,LLM(NL),3,0,0.804698642344946
EAModelSet,Layer,LLM(NL),3,1,0.8152224672396606
EAModelSet,Layer,LLM(NL),3,2,0.8102148092194336
EAModelSet,Layer,LLM(NL),3,3,0.811911627605744
EAModelSet,Layer,LLM(NL),3,4,0.8306089862338607
EAModelSet,Layer,LLM(NL),3,5,0.811924653246681
EAModelSet,Layer,LLM(NL),3,6,0.8196747829505447
EAModelSet,Layer,LLM(NL),3,7,0.8288438986738317
EAModelSet,Layer,LLM(NL),3,8,0.8141639956725669
EAModelSet,Layer,LLM(NL),3,9,0.8188829805041583
EAModelSet,Layer,LLM(NL+NT),1,0,0.8421046414324947
EAModelSet,Layer,LLM(NL+NT),1,1,0.8416378177425506
EAModelSet,Layer,LLM(NL+NT),1,2,0.828749441735823
EAModelSet,Layer,LLM(NL+NT),1,3,0.8417614023037701
EAModelSet,Layer,LLM(NL+NT),1,4,0.8545882342174154
EAModelSet,Layer,LLM(NL+NT),1,5,0.8255285532187151
EAModelSet,Layer,LLM(NL+NT),1,6,0.8495938268802159
EAModelSet,Layer,LLM(NL+NT),1,7,0.8421935402569658
EAModelSet,Layer,LLM(NL+NT),1,8,0.8345852960589277
EAModelSet,Layer,LLM(NL+NT),1,9,0.8610041654634242
EAModelSet,Layer,LLM(NL+NT),2,0,0.8286225971208471
EAModelSet,Layer,LLM(NL+NT),2,1,0.8090071109789477
EAModelSet,Layer,LLM(NL+NT),2,2,0.8217451622877145
EAModelSet,Layer,LLM(NL+NT),2,3,0.8267668958367018
EAModelSet,Layer,LLM(NL+NT),2,4,0.8191121787464924
EAModelSet,Layer,LLM(NL+NT),2,5,0.827829102671952
EAModelSet,Layer,LLM(NL+NT),2,6,0.8203348267985058
EAModelSet,Layer,LLM(NL+NT),2,7,0.8276724756083432
EAModelSet,Layer,LLM(NL+NT),2,8,0.8353852259165615
EAModelSet,Layer,LLM(NL+NT),2,9,0.8142433774899435
EAModelSet,Layer,LLM(NL+NT),3,0,0.820031386103896
EAModelSet,Layer,LLM(NL+NT),3,1,0.8133669242346158
EAModelSet,Layer,LLM(NL+NT),3,2,0.8192726841122583
EAModelSet,Layer,LLM(NL+NT),3,3,0.8061280547214985
EAModelSet,Layer,LLM(NL+NT),3,4,0.8122069840349733
EAModelSet,Layer,LLM(NL+NT),3,5,0.816038040271955
EAModelSet,Layer,LLM(NL+NT),3,6,0.826987638721004
EAModelSet,Layer,LLM(NL+NT),3,7,0.8294522200745412
EAModelSet,Layer,LLM(NL+NT),3,8,0.8047647220751574
EAModelSet,Layer,LLM(NL+NT),3,9,0.8100535763401294
EAModelSet,Layer,LLM(NL+NT+ET),1,0,0.8494690342257342
EAModelSet,Layer,LLM(NL+NT+ET),1,1,0.823075802158255
EAModelSet,Layer,LLM(NL+NT+ET),1,2,0.8383683013504764
EAModelSet,Layer,LLM(NL+NT+ET),1,3,0.842027130743299
EAModelSet,Layer,LLM(NL+NT+ET),1,4,0.8555701497728682
EAModelSet,Layer,LLM(NL+NT+ET),1,5,0.8498940390057075
EAModelSet,Layer,LLM(NL+NT+ET),1,6,0.839727865797778
EAModelSet,Layer,LLM(NL+NT+ET),1,7,0.8393142410590004
EAModelSet,Layer,LLM(NL+NT+ET),1,8,0.8404980459948207
EAModelSet,Layer,LLM(NL+NT+ET),1,9,0.8582352940045616
EAModelSet,Layer,LLM(NL+NT+ET),2,0,0.8307197505742713
EAModelSet,Layer,LLM(NL+NT+ET),2,1,0.8319631961163527
EAModelSet,Layer,LLM(NL+NT+ET),2,2,0.8385258906728527
EAModelSet,Layer,LLM(NL+NT+ET),2,3,0.8337922955491354
EAModelSet,Layer,LLM(NL+NT+ET),2,4,0.8330271577203427
EAModelSet,Layer,LLM(NL+NT+ET),2,5,0.8238593285684894
EAModelSet,Layer,LLM(NL+NT+ET),2,6,0.8348847853196145
EAModelSet,Layer,LLM(NL+NT+ET),2,7,0.8305641877702558
EAModelSet,Layer,LLM(NL+NT+ET),2,8,0.8466612777619021
EAModelSet,Layer,LLM(NL+NT+ET),2,9,0.8415308850270116
EAModelSet,Layer,LLM(NL+NT+ET),3,0,0.8337585638699007
EAModelSet,Layer,LLM(NL+NT+ET),3,1,0.8406838102326734
EAModelSet,Layer,LLM(NL+NT+ET),3,2,0.8306013044828685
EAModelSet,Layer,LLM(NL+NT+ET),3,3,0.8445212635842694
EAModelSet,Layer,LLM(NL+NT+ET),3,4,0.8339460043932837
EAModelSet,Layer,LLM(NL+NT+ET),3,5,0.8398338235418041
EAModelSet,Layer,LLM(NL+NT+ET),3,6,0.8210910675467651
EAModelSet,Layer,LLM(NL+NT+ET),3,7,0.8374668004887843
EAModelSet,Layer,LLM(NL+NT+ET),3,8,0.8171179588263345
EAModelSet,Layer,LLM(NL+NT+ET),3,9,0.8136467105506007
EAModelSet,Layer,GNN(R),0,0,0.37091046244577125
EAModelSet,Layer,GNN(R),0,1,0.3590014478480281
EAModelSet,Layer,GNN(R),0,2,0.38028105591424444
EAModelSet,Layer,GNN(R),0,3,0.421895132529721
EAModelSet,Layer,GNN(R),0,4,0.3603655363717584
EAModelSet,Layer,GNN(R),0,5,0.3645211282711219
EAModelSet,Layer,GNN(R),0,6,0.381108078921294
EAModelSet,Layer,GNN(R),0,7,0.3868602658282471
EAModelSet,Layer,GNN(R),0,8,0.37347187868188486
EAModelSet,Layer,GNN(R),0,9,0.37288139339493565
EAModelSet,Layer,GNN(FTLM(NL)),0,0,0.7810246295512054
EAModelSet,Layer,GNN(FTLM(NL)),0,1,0.779199076370339
EAModelSet,Layer,GNN(FTLM(NL)),0,2,0.7636632416792631
EAModelSet,Layer,GNN(FTLM(NL)),0,3,0.7732081868138416
EAModelSet,Layer,GNN(FTLM(NL)),0,4,0.7743528684866148
EAModelSet,Layer,GNN(FTLM(NL)),0,5,0.7634551537795089
EAModelSet,Layer,GNN(FTLM(NL)),0,6,0.7765983910067437
EAModelSet,Layer,GNN(FTLM(NL)),0,7,0.7654204352282346
EAModelSet,Layer,GNN(FTLM(NL)),0,8,0.7837206670791704
EAModelSet,Layer,GNN(FTLM(NL)),0,9,0.7759274591260508
EAModelSet,Layer,GNN(FTLM(NL)),1,0,0.8418930648576904
EAModelSet,Layer,GNN(FTLM(NL)),1,1,0.8350897164714373
EAModelSet,Layer,GNN(FTLM(NL)),1,2,0.8398139017612231
EAModelSet,Layer,GNN(FTLM(NL)),1,3,0.8210225370709294
EAModelSet,Layer,GNN(FTLM(NL)),1,4,0.8296859252947694
EAModelSet,Layer,GNN(FTLM(NL)),1,5,0.8446283979918875
EAModelSet,Layer,GNN(FTLM(NL)),1,6,0.8197143295817785
EAModelSet,Layer,GNN(FTLM(NL)),1,7,0.8494660852148116
EAModelSet,Layer,GNN(FTLM(NL)),1,8,0.8235390352462609
EAModelSet,Layer,GNN(FTLM(NL)),1,9,0.8485673850266426
EAModelSet,Layer,GNN(FTLM(NL)),2,0,0.8205450296712067
EAModelSet,Layer,GNN(FTLM(NL)),2,1,0.8367899108434246
EAModelSet,Layer,GNN(FTLM(NL)),2,2,0.8303095120758479
EAModelSet,Layer,GNN(FTLM(NL)),2,3,0.8136316505970851
EAModelSet,Layer,GNN(FTLM(NL)),2,4,0.8414914874955846
EAModelSet,Layer,GNN(FTLM(NL)),2,5,0.843417071555226
EAModelSet,Layer,GNN(FTLM(NL)),2,6,0.8283419509399979
EAModelSet,Layer,GNN(FTLM(NL)),2,7,0.8262608372782767
EAModelSet,Layer,GNN(FTLM(NL)),2,8,0.8274013303402936
EAModelSet,Layer,GNN(FTLM(NL)),2,9,0.8192484767722125
EAModelSet,Layer,GNN(FTLM(NL)),3,0,0.8389858675975691
EAModelSet,Layer,GNN(FTLM(NL)),3,1,0.8225710806826981
EAModelSet,Layer,GNN(FTLM(NL)),3,2,0.8274880958730831
EAModelSet,Layer,GNN(FTLM(NL)),3,3,0.8200670359679695
EAModelSet,Layer,GNN(FTLM(NL)),3,4,0.821739269002798
EAModelSet,Layer,GNN(FTLM(NL)),3,5,0.8152227484834883
EAModelSet,Layer,GNN(FTLM(NL)),3,6,0.8405706931371438
EAModelSet,Layer,GNN(FTLM(NL)),3,7,0.8264591242679398
EAModelSet,Layer,GNN(FTLM(NL)),3,8,0.837659216187288
EAModelSet,Layer,GNN(FTLM(NL)),3,9,0.8281332459691325
EAModelSet,Layer,GNN(FTLM(NL+NT)),0,0,0.7680559647229711
EAModelSet,Layer,GNN(FTLM(NL+NT)),0,1,0.7717331473999774
EAModelSet,Layer,GNN(FTLM(NL+NT)),0,2,0.769397689494971
EAModelSet,Layer,GNN(FTLM(NL+NT)),0,3,0.7750795909918492
EAModelSet,Layer,GNN(FTLM(NL+NT)),0,4,0.7712473316032304
EAModelSet,Layer,GNN(FTLM(NL+NT)),0,5,0.772000782840582
EAModelSet,Layer,GNN(FTLM(NL+NT)),0,6,0.7612142531586409
EAModelSet,Layer,GNN(FTLM(NL+NT)),0,7,0.7669315407237888
EAModelSet,Layer,GNN(FTLM(NL+NT)),0,8,0.7915405754880043
EAModelSet,Layer,GNN(FTLM(NL+NT)),0,9,0.7682876678374828
EAModelSet,Layer,GNN(FTLM(NL+NT)),1,0,0.8584590621237651
EAModelSet,Layer,GNN(FTLM(NL+NT)),1,1,0.8723732633257503
EAModelSet,Layer,GNN(FTLM(NL+NT)),1,2,0.8830727219955653
EAModelSet,Layer,GNN(FTLM(NL+NT)),1,3,0.854459756975188
EAModelSet,Layer,GNN(FTLM(NL+NT)),1,4,0.8669147815174872
EAModelSet,Layer,GNN(FTLM(NL+NT)),1,5,0.862679474460651
EAModelSet,Layer,GNN(FTLM(NL+NT)),1,6,0.8513898052567259
EAModelSet,Layer,GNN(FTLM(NL+NT)),1,7,0.8763492670925839
EAModelSet,Layer,GNN(FTLM(NL+NT)),1,8,0.8687655608144516
EAModelSet,Layer,GNN(FTLM(NL+NT)),1,9,0.8697144184429261
EAModelSet,Layer,GNN(FTLM(NL+NT)),2,0,0.8294768852755441
EAModelSet,Layer,GNN(FTLM(NL+NT)),2,1,0.8415478416299691
EAModelSet,Layer,GNN(FTLM(NL+NT)),2,2,0.8316070265051267
EAModelSet,Layer,GNN(FTLM(NL+NT)),2,3,0.8355709679150324
EAModelSet,Layer,GNN(FTLM(NL+NT)),2,4,0.8259173920781848
EAModelSet,Layer,GNN(FTLM(NL+NT)),2,5,0.824838972397918
EAModelSet,Layer,GNN(FTLM(NL+NT)),2,6,0.8503553185530002
EAModelSet,Layer,GNN(FTLM(NL+NT)),2,7,0.8319289529546152
EAModelSet,Layer,GNN(FTLM(NL+NT)),2,8,0.839916803563558
EAModelSet,Layer,GNN(FTLM(NL+NT)),2,9,0.8366620956523262
EAModelSet,Layer,GNN(FTLM(NL+NT)),3,0,0.8275885479723781
EAModelSet,Layer,GNN(FTLM(NL+NT)),3,1,0.8269203902966278
EAModelSet,Layer,GNN(FTLM(NL+NT)),3,2,0.8383008259144559
EAModelSet,Layer,GNN(FTLM(NL+NT)),3,3,0.8289813239546608
EAModelSet,Layer,GNN(FTLM(NL+NT)),3,4,0.8304855635182871
EAModelSet,Layer,GNN(FTLM(NL+NT)),3,5,0.8322222155719448
EAModelSet,Layer,GNN(FTLM(NL+NT)),3,6,0.84376508320252
EAModelSet,Layer,GNN(FTLM(NL+NT)),3,7,0.8388051097463314
EAModelSet,Layer,GNN(FTLM(NL+NT)),3,8,0.8358260026772799
EAModelSet,Layer,GNN(FTLM(NL+NT)),3,9,0.8263642860664675
EAModelSet,Layer,GNN(FTLM(NL+NT+ET)),1,0,0.8651803127999353
EAModelSet,Layer,GNN(FTLM(NL+NT+ET)),1,1,0.888495299317353
EAModelSet,Layer,GNN(FTLM(NL+NT+ET)),1,2,0.8886644713422087
EAModelSet,Layer,GNN(FTLM(NL+NT+ET)),1,3,0.8775929160087667
EAModelSet,Layer,GNN(FTLM(NL+NT+ET)),1,4,0.8844188384160352
EAModelSet,Layer,GNN(FTLM(NL+NT+ET)),1,5,0.886814430538854
EAModelSet,Layer,GNN(FTLM(NL+NT+ET)),1,6,0.8873118445266498
EAModelSet,Layer,GNN(FTLM(NL+NT+ET)),1,7,0.8882138347324647
EAModelSet,Layer,GNN(FTLM(NL+NT+ET)),1,8,0.8744438234933887
EAModelSet,Layer,GNN(FTLM(NL+NT+ET)),1,9,0.8941497298266472
EAModelSet,Layer,GNN(FTLM(NL+NT+ET)),2,0,0.8425340694171429
EAModelSet,Layer,GNN(FTLM(NL+NT+ET)),2,1,0.8636172307699365
EAModelSet,Layer,GNN(FTLM(NL+NT+ET)),2,2,0.8599393207903075
EAModelSet,Layer,GNN(FTLM(NL+NT+ET)),2,3,0.863736191135245
EAModelSet,Layer,GNN(FTLM(NL+NT+ET)),2,4,0.8737900830709674
EAModelSet,Layer,GNN(FTLM(NL+NT+ET)),2,5,0.8698444547337865
EAModelSet,Layer,GNN(FTLM(NL+NT+ET)),2,6,0.8435482309281067
EAModelSet,Layer,GNN(FTLM(NL+NT+ET)),2,7,0.8381132841973215
EAModelSet,Layer,GNN(FTLM(NL+NT+ET)),2,8,0.8631688905905379
EAModelSet,Layer,GNN(FTLM(NL+NT+ET)),2,9,0.8448498758412407
EAModelSet,Layer,GNN(FTLM(NL+NT+ET)),3,0,0.8408759461135248
EAModelSet,Layer,GNN(FTLM(NL+NT+ET)),3,1,0.8493972747700519
EAModelSet,Layer,GNN(FTLM(NL+NT+ET)),3,2,0.8245620264881441
EAModelSet,Layer,GNN(FTLM(NL+NT+ET)),3,3,0.8199001954569052
EAModelSet,Layer,GNN(FTLM(NL+NT+ET)),3,4,0.8435929902033722
EAModelSet,Layer,GNN(FTLM(NL+NT+ET)),3,5,0.8414438588961329
EAModelSet,Layer,GNN(FTLM(NL+NT+ET)),3,6,0.8385419692861807
EAModelSet,Layer,GNN(FTLM(NL+NT+ET)),3,7,0.8413853476377021
EAModelSet,Layer,GNN(FTLM(NL+NT+ET)),3,8,0.8323948439263271
EAModelSet,Layer,GNN(FTLM(NL+NT+ET)),3,9,0.8258650559272789
EAModelSet,Type,LLM(NL),0,0,0.6383334514911968
EAModelSet,Type,LLM(NL),0,1,0.6302829130895061
EAModelSet,Type,LLM(NL),0,2,0.6235651867758889
EAModelSet,Type,LLM(NL),0,3,0.6450568107139327
EAModelSet,Type,LLM(NL),0,4,0.6393860137157783
EAModelSet,Type,LLM(NL),0,5,0.6440652853663281
EAModelSet,Type,LLM(NL),0,6,0.6301070505857407
EAModelSet,Type,LLM(NL),0,7,0.6334194120816334
EAModelSet,Type,LLM(NL),0,8,0.6300095697277983
EAModelSet,Type,LLM(NL),0,9,0.6311335813294195
EAModelSet,Type,LLM(NL),1,0,0.714954079177494
EAModelSet,Type,LLM(NL),1,1,0.7051702538366506
EAModelSet,Type,LLM(NL),1,2,0.7165606628882027
EAModelSet,Type,LLM(NL),1,3,0.7163975592541821
EAModelSet,Type,LLM(NL),1,4,0.733251609868801
EAModelSet,Type,LLM(NL),1,5,0.6990721095413319
EAModelSet,Type,LLM(NL),1,6,0.7218790237783504
EAModelSet,Type,LLM(NL),1,7,0.7121051203811157
EAModelSet,Type,LLM(NL),1,8,0.71285970269869
EAModelSet,Type,LLM(NL),1,9,0.6985013617809338
EAModelSet,Type,LLM(NL),2,0,0.7063980618727534
EAModelSet,Type,LLM(NL),2,1,0.7184319726344395
EAModelSet,Type,LLM(NL),2,2,0.7101752162798269
EAModelSet,Type,LLM(NL),2,3,0.7118105437041127
EAModelSet,Type,LLM(NL),2,4,0.7080928331939945
EAModelSet,Type,LLM(NL),2,5,0.7225456974698629
EAModelSet,Type,LLM(NL),2,6,0.7107852743295651
EAModelSet,Type,LLM(NL),2,7,0.6889958432751794
EAModelSet,Type,LLM(NL),2,8,0.7040792744952551
EAModelSet,Type,LLM(NL),2,9,0.6913120339291975
EAModelSet,Type,LLM(NL),3,0,0.6844856158450345
EAModelSet,Type,LLM(NL),3,1,0.7116988465022769
EAModelSet,Type,LLM(NL),3,2,0.7303355985010272
EAModelSet,Type,LLM(NL),3,3,0.7174711990613059
EAModelSet,Type,LLM(NL),3,4,0.7052745429259502
EAModelSet,Type,LLM(NL),3,5,0.7075930013179758
EAModelSet,Type,LLM(NL),3,6,0.7283061323025001
EAModelSet,Type,LLM(NL),3,7,0.7185762662339846
EAModelSet,Type,LLM(NL),3,8,0.7174799924156205
EAModelSet,Type,LLM(NL),3,9,0.7164653821116194
EAModelSet,Type,LLM(NL+NT),1,0,0.7283840026155535
EAModelSet,Type,LLM(NL+NT),1,1,0.736054056469438
EAModelSet,Type,LLM(NL+NT),1,2,0.7335256729735607
EAModelSet,Type,LLM(NL+NT),1,3,0.730157047000245
EAModelSet,Type,LLM(NL+NT),1,4,0.7175713164240999
EAModelSet,Type,LLM(NL+NT),1,5,0.7331110876490973
EAModelSet,Type,LLM(NL+NT),1,6,0.721157529220075
EAModelSet,Type,LLM(NL+NT),1,7,0.7389384567590047
EAModelSet,Type,LLM(NL+NT),1,8,0.7152894917827587
EAModelSet,Type,LLM(NL+NT),1,9,0.7266237902372441
EAModelSet,Type,LLM(NL+NT),2,0,0.7189264171370873
EAModelSet,Type,LLM(NL+NT),2,1,0.7057535444935586
EAModelSet,Type,LLM(NL+NT),2,2,0.7362197164385648
EAModelSet,Type,LLM(NL+NT),2,3,0.7336040676725955
EAModelSet,Type,LLM(NL+NT),2,4,0.7143641623839091
EAModelSet,Type,LLM(NL+NT),2,5,0.7267172116556452
EAModelSet,Type,LLM(NL+NT),2,6,0.7227867606967021
EAModelSet,Type,LLM(NL+NT),2,7,0.6928644053665474
EAModelSet,Type,LLM(NL+NT),2,8,0.7215039801627758
EAModelSet,Type,LLM(NL+NT),2,9,0.7183865592016675
EAModelSet,Type,LLM(NL+NT),3,0,0.7188321735347453
EAModelSet,Type,LLM(NL+NT),3,1,0.7072312508017282
EAModelSet,Type,LLM(NL+NT),3,2,0.7153065295377959
EAModelSet,Type,LLM(NL+NT),3,3,0.716217412366177
EAModelSet,Type,LLM(NL+NT),3,4,0.7298809421721232
EAModelSet,Type,LLM(NL+NT),3,5,0.7213442706039102
EAModelSet,Type,LLM(NL+NT),3,6,0.7179444496979733
EAModelSet,Type,LLM(NL+NT),3,7,0.7332896999791094
EAModelSet,Type,LLM(NL+NT),3,8,0.7124475207023635
EAModelSet,Type,LLM(NL+NT),3,9,0.7141056969512461
EAModelSet,Type,LLM(NL+NT+ET),1,0,0.7428324498866095
EAModelSet,Type,LLM(NL+NT+ET),1,1,0.7766910584628361
EAModelSet,Type,LLM(NL+NT+ET),1,2,0.7706433236819443
EAModelSet,Type,LLM(NL+NT+ET),1,3,0.7701684804451171
EAModelSet,Type,LLM(NL+NT+ET),1,4,0.7676889844644694
EAModelSet,Type,LLM(NL+NT+ET),1,5,0.7621014858766365
EAModelSet,Type,LLM(NL+NT+ET),1,6,0.7631548893918233
EAModelSet,Type,LLM(NL+NT+ET),1,7,0.758479934097327
EAModelSet,Type,LLM(NL+NT+ET),1,8,0.7589639957427705
EAModelSet,Type,LLM(NL+NT+ET),1,9,0.7615430361171369
EAModelSet,Type,LLM(NL+NT+ET),2,0,0.7621182951156378
EAModelSet,Type,LLM(NL+NT+ET),2,1,0.7525568790180808
EAModelSet,Type,LLM(NL+NT+ET),2,2,0.7464153987424114
EAModelSet,Type,LLM(NL+NT+ET),2,3,0.741206079495566
EAModelSet,Type,LLM(NL+NT+ET),2,4,0.7406500151258834
EAModelSet,Type,LLM(NL+NT+ET),2,5,0.7630270501117249
EAModelSet,Type,LLM(NL+NT+ET),2,6,0.752066873042271
EAModelSet,Type,LLM(NL+NT+ET),2,7,0.7476755055831066
EAModelSet,Type,LLM(NL+NT+ET),2,8,0.7435381815784727
EAModelSet,Type,LLM(NL+NT+ET),2,9,0.7359094658829948
EAModelSet,Type,LLM(NL+NT+ET),3,0,0.744331384425301
EAModelSet,Type,LLM(NL+NT+ET),3,1,0.753736580344702
EAModelSet,Type,LLM(NL+NT+ET),3,2,0.7410746275316251
EAModelSet,Type,LLM(NL+NT+ET),3,3,0.7427275741699944
EAModelSet,Type,LLM(NL+NT+ET),3,4,0.7427896564856102
EAModelSet,Type,LLM(NL+NT+ET),3,5,0.7460959436799817
EAModelSet,Type,LLM(NL+NT+ET),3,6,0.729069891212544
EAModelSet,Type,LLM(NL+NT+ET),3,7,0.7426460164803491
EAModelSet,Type,LLM(NL+NT+ET),3,8,0.7364560448184593
EAModelSet,Type,LLM(NL+NT+ET),3,9,0.753845850325626
EAModelSet,Type,GNN(R),0,0,0.1485880264687028
EAModelSet,Type,GNN(R),0,1,0.17554093494601392
EAModelSet,Type,GNN(R),0,2,0.1944887490545352
EAModelSet,Type,GNN(R),0,3,0.1577280747743675
EAModelSet,Type,GNN(R),0,4,0.15196847495753069
EAModelSet,Type,GNN(R),0,5,0.16782864518252186
EAModelSet,Type,GNN(R),0,6,0.16395941944781944
EAModelSet,Type,GNN(R),0,7,0.14412767305320578
EAModelSet,Type,GNN(R),0,8,0.17321838831426759
EAModelSet,Type,GNN(R),0,9,0.20431032106950817
EAModelSet,Type,GNN(FTLM(NL)),0,0,0.6564188800473428
EAModelSet,Type,GNN(FTLM(NL)),0,1,0.6569712380393534
EAModelSet,Type,GNN(FTLM(NL)),0,2,0.6485506797643091
EAModelSet,Type,GNN(FTLM(NL)),0,3,0.6621908845168655
EAModelSet,Type,GNN(FTLM(NL)),0,4,0.6465302377529237
EAModelSet,Type,GNN(FTLM(NL)),0,5,0.6479306897564852
EAModelSet,Type,GNN(FTLM(NL)),0,6,0.6717966727184379
EAModelSet,Type,GNN(FTLM(NL)),0,7,0.6499454694060536
EAModelSet,Type,GNN(FTLM(NL)),0,8,0.6698135756933135
EAModelSet,Type,GNN(FTLM(NL)),0,9,0.6742435800378281
EAModelSet,Type,GNN(FTLM(NL)),1,0,0.6945932645747673
EAModelSet,Type,GNN(FTLM(NL)),1,1,0.6975339140285082
EAModelSet,Type,GNN(FTLM(NL)),1,2,0.7115225094368677
EAModelSet,Type,GNN(FTLM(NL)),1,3,0.6900327159793428
EAModelSet,Type,GNN(FTLM(NL)),1,4,0.6860699420305838
EAModelSet,Type,GNN(FTLM(NL)),1,5,0.6784676893521705
EAModelSet,Type,GNN(FTLM(NL)),1,6,0.6924170708034634
EAModelSet,Type,GNN(FTLM(NL)),1,7,0.706791442109183
EAModelSet,Type,GNN(FTLM(NL)),1,8,0.7015959538140086
EAModelSet,Type,GNN(FTLM(NL)),1,9,0.6825790875858204
EAModelSet,Type,GNN(FTLM(NL)),2,0,0.6704462461616741
EAModelSet,Type,GNN(FTLM(NL)),2,1,0.6739582877065904
EAModelSet,Type,GNN(FTLM(NL)),2,2,0.6819226808249534
EAModelSet,Type,GNN(FTLM(NL)),2,3,0.6769468857289632
EAModelSet,Type,GNN(FTLM(NL)),2,4,0.6811445394544309
EAModelSet,Type,GNN(FTLM(NL)),2,5,0.6819673937804546
EAModelSet,Type,GNN(FTLM(NL)),2,6,0.6760122641332156
EAModelSet,Type,GNN(FTLM(NL)),2,7,0.6785982605839707
EAModelSet,Type,GNN(FTLM(NL)),2,8,0.6810659237721604
EAModelSet,Type,GNN(FTLM(NL)),2,9,0.6781603029646683
EAModelSet,Type,GNN(FTLM(NL)),3,0,0.6960352086499405
EAModelSet,Type,GNN(FTLM(NL)),3,1,0.70970875773328
EAModelSet,Type,GNN(FTLM(NL)),3,2,0.6969197228477082
EAModelSet,Type,GNN(FTLM(NL)),3,3,0.6915581054640855
EAModelSet,Type,GNN(FTLM(NL)),3,4,0.6741388137663809
EAModelSet,Type,GNN(FTLM(NL)),3,5,0.694879570860152
EAModelSet,Type,GNN(FTLM(NL)),3,6,0.6715332158823278
EAModelSet,Type,GNN(FTLM(NL)),3,7,0.6769096591384387
EAModelSet,Type,GNN(FTLM(NL)),3,8,0.6995463925246876
EAModelSet,Type,GNN(FTLM(NL)),3,9,0.6980623506013666
EAModelSet,Type,GNN(FTLM(NL+NT)),1,0,0.7285006100165111
EAModelSet,Type,GNN(FTLM(NL+NT)),1,1,0.7128998889384778
EAModelSet,Type,GNN(FTLM(NL+NT)),1,2,0.7262865148310915
EAModelSet,Type,GNN(FTLM(NL+NT)),1,3,0.7232126168178398
EAModelSet,Type,GNN(FTLM(NL+NT)),1,4,0.736368407461302
EAModelSet,Type,GNN(FTLM(NL+NT)),1,5,0.7525773053242752
EAModelSet,Type,GNN(FTLM(NL+NT)),1,6,0.7321693048795466
EAModelSet,Type,GNN(FTLM(NL+NT)),1,7,0.7222068887196789
EAModelSet,Type,GNN(FTLM(NL+NT)),1,8,0.7182944846969678
EAModelSet,Type,GNN(FTLM(NL+NT)),1,9,0.7294390571923173
EAModelSet,Type,GNN(FTLM(NL+NT)),2,0,0.710232068064864
EAModelSet,Type,GNN(FTLM(NL+NT)),2,1,0.7004848084047253
EAModelSet,Type,GNN(FTLM(NL+NT)),2,2,0.7131635523569219
EAModelSet,Type,GNN(FTLM(NL+NT)),2,3,0.7004908647868914
EAModelSet,Type,GNN(FTLM(NL+NT)),2,4,0.723121072717293
EAModelSet,Type,GNN(FTLM(NL+NT)),2,5,0.7226265060578815
EAModelSet,Type,GNN(FTLM(NL+NT)),2,6,0.7228475126529642
EAModelSet,Type,GNN(FTLM(NL+NT)),2,7,0.7072594952939146
EAModelSet,Type,GNN(FTLM(NL+NT)),2,8,0.7171452056331808
EAModelSet,Type,GNN(FTLM(NL+NT)),2,9,0.7106793049478064
EAModelSet,Type,GNN(FTLM(NL+NT)),3,0,0.7161118793859752
EAModelSet,Type,GNN(FTLM(NL+NT)),3,1,0.7166085434285793
EAModelSet,Type,GNN(FTLM(NL+NT)),3,2,0.7070028472696585
EAModelSet,Type,GNN(FTLM(NL+NT)),3,3,0.7055613630410488
EAModelSet,Type,GNN(FTLM(NL+NT)),3,4,0.7279431479087605
EAModelSet,Type,GNN(FTLM(NL+NT)),3,5,0.7180876459608048
EAModelSet,Type,GNN(FTLM(NL+NT)),3,6,0.7221642485112763
EAModelSet,Type,GNN(FTLM(NL+NT)),3,7,0.7300171038845412
EAModelSet,Type,GNN(FTLM(NL+NT)),3,8,0.7026686750498392
EAModelSet,Type,GNN(FTLM(NL+NT)),3,9,0.712158699261841
EAModelSet,Type,GNN(FTLM(NL+NT+ET)),1,0,0.7597533484346507
EAModelSet,Type,GNN(FTLM(NL+NT+ET)),1,1,0.7619209478666558
EAModelSet,Type,GNN(FTLM(NL+NT+ET)),1,2,0.7542292554959891
EAModelSet,Type,GNN(FTLM(NL+NT+ET)),1,3,0.7682917923269785
EAModelSet,Type,GNN(FTLM(NL+NT+ET)),1,4,0.7601039493882964
EAModelSet,Type,GNN(FTLM(NL+NT+ET)),1,5,0.7458661786117214
EAModelSet,Type,GNN(FTLM(NL+NT+ET)),1,6,0.7486923622400935
EAModelSet,Type,GNN(FTLM(NL+NT+ET)),1,7,0.7660547106049462
EAModelSet,Type,GNN(FTLM(NL+NT+ET)),1,8,0.7626383145645607
EAModelSet,Type,GNN(FTLM(NL+NT+ET)),1,9,0.739009387609934
EAModelSet,Type,GNN(FTLM(NL+NT+ET)),2,0,0.6844771230386242
EAModelSet,Type,GNN(FTLM(NL+NT+ET)),2,1,0.6769802703109389
EAModelSet,Type,GNN(FTLM(NL+NT+ET)),2,2,0.684433429876965
EAModelSet,Type,GNN(FTLM(NL+NT+ET)),2,3,0.6671629911892492
EAModelSet,Type,GNN(FTLM(NL+NT+ET)),2,4,0.6680429377866768
EAModelSet,Type,GNN(FTLM(NL+NT+ET)),2,5,0.6597354291524868
EAModelSet,Type,GNN(FTLM(NL+NT+ET)),2,6,0.6963692957013189
EAModelSet,Type,GNN(FTLM(NL+NT+ET)),2,7,0.6692454577459286
EAModelSet,Type,GNN(FTLM(NL+NT+ET)),2,8,0.6868753319208195
EAModelSet,Type,GNN(FTLM(NL+NT+ET)),2,9,0.6645270754861272
EAModelSet,Type,GNN(FTLM(NL+NT+ET)),3,0,0.732638411923331
EAModelSet,Type,GNN(FTLM(NL+NT+ET)),3,1,0.7142864751342992
EAModelSet,Type,GNN(FTLM(NL+NT+ET)),3,2,0.7271713285123322
EAModelSet,Type,GNN(FTLM(NL+NT+ET)),3,3,0.7408375490840002
EAModelSet,Type,GNN(FTLM(NL+NT+ET)),3,4,0.718482561844255
EAModelSet,Type,GNN(FTLM(NL+NT+ET)),3,5,0.7417222754493461
EAModelSet,Type,GNN(FTLM(NL+NT+ET)),3,6,0.7343723781584847
EAModelSet,Type,GNN(FTLM(NL+NT+ET)),3,7,0.7205604907501574
EAModelSet,Type,GNN(FTLM(NL+NT+ET)),3,8,0.7259840272857433
EAModelSet,Type,GNN(FTLM(NL+NT+ET)),3,9,0.7264093432329458
OntoUML,Stereotype,LLM(NL),0,0,0.501504806620575
OntoUML,Stereotype,LLM(NL),0,1,0.4966385603405691
OntoUML,Stereotype,LLM(NL),0,2,0.49372712099195465
OntoUML,Stereotype,LLM(NL),0,3,0.4989541229748518
OntoUML,Stereotype,LLM(NL),0,4,0.4917311026139095
OntoUML,Stereotype,LLM(NL),0,5,0.4891047342735692
OntoUML,Stereotype,LLM(NL),0,6,0.5015182351749264
OntoUML,Stereotype,LLM(NL),0,7,0.5108287422555456
OntoUML,Stereotype,LLM(NL),0,8,0.48670628294882634
OntoUML,Stereotype,LLM(NL),0,9,0.5020350815146396
OntoUML,Stereotype,LLM(NL),1,0,0.701500438051987
OntoUML,Stereotype,LLM(NL),1,1,0.6982285456286531
OntoUML,Stereotype,LLM(NL),1,2,0.7165343765271461
OntoUML,Stereotype,LLM(NL),1,3,0.7028183031090933
OntoUML,Stereotype,LLM(NL),1,4,0.7229830168306488
OntoUML,Stereotype,LLM(NL),1,5,0.700201606358536
OntoUML,Stereotype,LLM(NL),1,6,0.7118650199362583
OntoUML,Stereotype,LLM(NL),1,7,0.705727169934428
OntoUML,Stereotype,LLM(NL),1,8,0.7004597819087364
OntoUML,Stereotype,LLM(NL),1,9,0.7138767504257775
OntoUML,Stereotype,LLM(NL),2,0,0.724450174269252
OntoUML,Stereotype,LLM(NL),2,1,0.7320321058071364
OntoUML,Stereotype,LLM(NL),2,2,0.72552708492783
OntoUML,Stereotype,LLM(NL),2,3,0.7151418374469856
OntoUML,Stereotype,LLM(NL),2,4,0.7249793075681109
OntoUML,Stereotype,LLM(NL),2,5,0.7265195516951614
OntoUML,Stereotype,LLM(NL),2,6,0.735584629538812
OntoUML,Stereotype,LLM(NL),2,7,0.7169373099266482
OntoUML,Stereotype,LLM(NL),2,8,0.725606701467327
OntoUML,Stereotype,LLM(NL),2,9,0.7087812126976996
OntoUML,Stereotype,LLM(NL),3,0,0.7345149306034331
OntoUML,Stereotype,LLM(NL),3,1,0.7171851702535935
OntoUML,Stereotype,LLM(NL),3,2,0.709936404789164
OntoUML,Stereotype,LLM(NL),3,3,0.7274078316572526
OntoUML,Stereotype,LLM(NL),3,4,0.7390568495866284
OntoUML,Stereotype,LLM(NL),3,5,0.7127555305178812
OntoUML,Stereotype,LLM(NL),3,6,0.7171196441461157
OntoUML,Stereotype,LLM(NL),3,7,0.7205672510894672
OntoUML,Stereotype,LLM(NL),3,8,0.71670503353658
OntoUML,Stereotype,LLM(NL),3,9,0.7317942788833458
OntoUML,Stereotype,LLM(NL+NA),0,0,0.5089263255495552
OntoUML,Stereotype,LLM(NL+NA),0,1,0.509784852635398
OntoUML,Stereotype,LLM(NL+NA),0,2,0.5228330539868231
OntoUML,Stereotype,LLM(NL+NA),0,3,0.5094448536903132
OntoUML,Stereotype,LLM(NL+NA),0,4,0.5213278009778073
OntoUML,Stereotype,LLM(NL+NA),0,5,0.5072861482811796
OntoUML,Stereotype,LLM(NL+NA),0,6,0.5048786148578471
OntoUML,Stereotype,LLM(NL+NA),0,7,0.4986455071080908
OntoUML,Stereotype,LLM(NL+NA),0,8,0.5356120278691173
OntoUML,Stereotype,LLM(NL+NA),0,9,0.51379740967869
OntoUML,Stereotype,LLM(NL+NA),1,0,0.7184393336794843
OntoUML,Stereotype,LLM(NL+NA),1,1,0.715689504910192
OntoUML,Stereotype,LLM(NL+NA),1,2,0.7175996175700726
OntoUML,Stereotype,LLM(NL+NA),1,3,0.7164968647937437
OntoUML,Stereotype,LLM(NL+NA),1,4,0.735082170392027
OntoUML,Stereotype,LLM(NL+NA),1,5,0.7056107340904285
OntoUML,Stereotype,LLM(NL+NA),1,6,0.7004253789390182
OntoUML,Stereotype,LLM(NL+NA),1,7,0.7058804033151564
OntoUML,Stereotype,LLM(NL+NA),1,8,0.7026529099024145
OntoUML,Stereotype,LLM(NL+NA),1,9,0.7234696205248194
OntoUML,Stereotype,LLM(NL+NA),2,0,0.7262037820953775
OntoUML,Stereotype,LLM(NL+NA),2,1,0.7083868445484967
OntoUML,Stereotype,LLM(NL+NA),2,2,0.70409564223537
OntoUML,Stereotype,LLM(NL+NA),2,3,0.714452033468589
OntoUML,Stereotype,LLM(NL+NA),2,4,0.7319112387787639
OntoUML,Stereotype,LLM(NL+NA),2,5,0.6898043058220168
OntoUML,Stereotype,LLM(NL+NA),2,6,0.7232662676901587
OntoUML,Stereotype,LLM(NL+NA),2,7,0.7072424477255141
OntoUML,Stereotype,LLM(NL+NA),2,8,0.7284036714654127
OntoUML,Stereotype,LLM(NL+NA),2,9,0.7072207605912324
OntoUML,Stereotype,LLM(NL+NA),3,0,0.7241458417278416
OntoUML,Stereotype,LLM(NL+NA),3,1,0.7119372089936044
OntoUML,Stereotype,LLM(NL+NA),3,2,0.7172274214950191
OntoUML,Stereotype,LLM(NL+NA),3,3,0.7408583916304612
OntoUML,Stereotype,LLM(NL+NA),3,4,0.7352057868589006
OntoUML,Stereotype,LLM(NL+NA),3,5,0.7229833184784932
OntoUML,Stereotype,LLM(NL+NA),3,6,0.7182982762979574
OntoUML,Stereotype,LLM(NL+NA),3,7,0.7080619286348818
OntoUML,Stereotype,LLM(NL+NA),3,8,0.7230634328809902
OntoUML,Stereotype,LLM(NL+NA),3,9,0.726690967474137
OntoUML,Stereotype,LLM(NL+NA+NT),1,0,0.7511594564216552
OntoUML,Stereotype,LLM(NL+NA+NT),1,1,0.7510620807202383
OntoUML,Stereotype,LLM(NL+NA+NT),1,2,0.7407819037277308
OntoUML,Stereotype,LLM(NL+NA+NT),1,3,0.7513372611463438
OntoUML,Stereotype,LLM(NL+NA+NT),1,4,0.751613266204649
OntoUML,Stereotype,LLM(NL+NA+NT),1,5,0.7649056203780318
OntoUML,Stereotype,LLM(NL+NA+NT),1,6,0.7706673345435237
OntoUML,Stereotype,LLM(NL+NA+NT),1,7,0.7506301097308221
OntoUML,Stereotype,LLM(NL+NA+NT),1,8,0.7443369404882412
OntoUML,Stereotype,LLM(NL+NA+NT),1,9,0.7513501787023804
OntoUML,Stereotype,LLM(NL+NA+NT),2,0,0.7469237872474557
OntoUML,Stereotype,LLM(NL+NA+NT),2,1,0.7455756618425375
OntoUML,Stereotype,LLM(NL+NA+NT),2,2,0.7524134984807785
OntoUML,Stereotype,LLM(NL+NA+NT),2,3,0.7425669556884769
OntoUML,Stereotype,LLM(NL+NA+NT),2,4,0.7590610675115502
OntoUML,Stereotype,LLM(NL+NA+NT),2,5,0.7519608445081593
OntoUML,Stereotype,LLM(NL+NA+NT),2,6,0.7555000830685995
OntoUML,Stereotype,LLM(NL+NA+NT),2,7,0.7511705996402933
OntoUML,Stereotype,LLM(NL+NA+NT),2,8,0.7457274555274759
OntoUML,Stereotype,LLM(NL+NA+NT),2,9,0.7435204044025114
OntoUML,Stereotype,LLM(NL+NA+NT),3,0,0.7526272399567546
OntoUML,Stereotype,LLM(NL+NA+NT),3,1,0.7495123966257219
OntoUML,Stereotype,LLM(NL+NA+NT),3,2,0.7573390133320957
OntoUML,Stereotype,LLM(NL+NA+NT),3,3,0.7549556829680236
OntoUML,Stereotype,LLM(NL+NA+NT),3,4,0.7413769325207727
OntoUML,Stereotype,LLM(NL+NA+NT),3,5,0.7556712129942835
OntoUML,Stereotype,LLM(NL+NA+NT),3,6,0.7415713958285924
OntoUML,Stereotype,LLM(NL+NA+NT),3,7,0.7488352237448072
OntoUML,Stereotype,LLM(NL+NA+NT),3,8,0.7520564639078215
OntoUML,Stereotype,LLM(NL+NA+NT),3,9,0.7342472672208868
OntoUML,Stereotype,GNN(R),0,0,0.16083014895719963
OntoUML,Stereotype,GNN(R),0,1,0.16201966699428672
OntoUML,Stereotype,GNN(R),0,2,0.15583951613150654
OntoUML,Stereotype,GNN(R),0,3,0.15051365455056812
OntoUML,Stereotype,GNN(R),0,4,0.1515279267978372
OntoUML,Stereotype,GNN(R),0,5,0.13946921062777887
OntoUML,Stereotype,GNN(R),0,6,0.15360599260542376
OntoUML,Stereotype,GNN(R),0,7,0.14794776392970277
OntoUML,Stereotype,GNN(R),0,8,0.16083370785374798
OntoUML,Stereotype,GNN(R),0,9,0.13491727820910285
OntoUML,Stereotype,GNN(FTLM(NL)),0,0,0.45935589909011143
OntoUML,Stereotype,GNN(FTLM(NL)),0,1,0.4584321889347767
OntoUML,Stereotype,GNN(FTLM(NL)),0,2,0.4555843716782128
OntoUML,Stereotype,GNN(FTLM(NL)),0,3,0.45260795176913715
OntoUML,Stereotype,GNN(FTLM(NL)),0,4,0.4625233989247011
OntoUML,Stereotype,GNN(FTLM(NL)),0,5,0.44035398293206135
OntoUML,Stereotype,GNN(FTLM(NL)),0,6,0.46160453338145124
OntoUML,Stereotype,GNN(FTLM(NL)),0,7,0.45943037466190373
OntoUML,Stereotype,GNN(FTLM(NL)),0,8,0.45983376292534617
OntoUML,Stereotype,GNN(FTLM(NL)),0,9,0.4608331259243268
OntoUML,Stereotype,GNN(FTLM(NL)),1,0,0.7154635559340715
OntoUML,Stereotype,GNN(FTLM(NL)),1,1,0.7194053994169857
OntoUML,Stereotype,GNN(FTLM(NL)),1,2,0.7283705833121634
OntoUML,Stereotype,GNN(FTLM(NL)),1,3,0.7263063924408311
OntoUML,Stereotype,GNN(FTLM(NL)),1,4,0.7240671276544265
OntoUML,Stereotype,GNN(FTLM(NL)),1,5,0.7068567975488037
OntoUML,Stereotype,GNN(FTLM(NL)),1,6,0.727378871148832
OntoUML,Stereotype,GNN(FTLM(NL)),1,7,0.733694709919931
OntoUML,Stereotype,GNN(FTLM(NL)),1,8,0.7320967149304286
OntoUML,Stereotype,GNN(FTLM(NL)),1,9,0.7243387804876911
OntoUML,Stereotype,GNN(FTLM(NL)),2,0,0.733423213963958
OntoUML,Stereotype,GNN(FTLM(NL)),2,1,0.7584254481422802
OntoUML,Stereotype,GNN(FTLM(NL)),2,2,0.7475274536328024
OntoUML,Stereotype,GNN(FTLM(NL)),2,3,0.7236748035193303
OntoUML,Stereotype,GNN(FTLM(NL)),2,4,0.752772074031072
OntoUML,Stereotype,GNN(FTLM(NL)),2,5,0.7340782821692047
OntoUML,Stereotype,GNN(FTLM(NL)),2,6,0.7360355941980494
OntoUML,Stereotype,GNN(FTLM(NL)),2,7,0.7426504110762615
OntoUML,Stereotype,GNN(FTLM(NL)),2,8,0.7617259117788289
OntoUML,Stereotype,GNN(FTLM(NL)),2,9,0.745291546458216
OntoUML,Stereotype,GNN(FTLM(NL)),3,0,0.7397099158773671
OntoUML,Stereotype,GNN(FTLM(NL)),3,1,0.7544796796375223
OntoUML,Stereotype,GNN(FTLM(NL)),3,2,0.7529402976265579
OntoUML,Stereotype,GNN(FTLM(NL)),3,3,0.7359664658417263
OntoUML,Stereotype,GNN(FTLM(NL)),3,4,0.7345847897793949
OntoUML,Stereotype,GNN(FTLM(NL)),3,5,0.7243912936591045
OntoUML,Stereotype,GNN(FTLM(NL)),3,6,0.7300554192581841
OntoUML,Stereotype,GNN(FTLM(NL)),3,7,0.7412535834761277
OntoUML,Stereotype,GNN(FTLM(NL)),3,8,0.7409573076180964
OntoUML,Stereotype,GNN(FTLM(NL)),3,9,0.7381023823117396
OntoUML,Stereotype,GNN(FTLM(NL+NA)),0,0,0.4699480165756393
OntoUML,Stereotype,GNN(FTLM(NL+NA)),0,1,0.4522763198696682
OntoUML,Stereotype,GNN(FTLM(NL+NA)),0,2,0.4594392347981654
OntoUML,Stereotype,GNN(FTLM(NL+NA)),0,3,0.46731242988494814
OntoUML,Stereotype,GNN(FTLM(NL+NA)),0,4,0.4658414590622792
OntoUML,Stereotype,GNN(FTLM(NL+NA)),0,5,0.4707094577573242
OntoUML,Stereotype,GNN(FTLM(NL+NA)),0,6,0.4639702040676506
OntoUML,Stereotype,GNN(FTLM(NL+NA)),0,7,0.4569059744440317
OntoUML,Stereotype,GNN(FTLM(NL+NA)),0,8,0.463621922602624
OntoUML,Stereotype,GNN(FTLM(NL+NA)),0,9,0.4499740480361589
OntoUML,Stereotype,GNN(FTLM(NL+NA)),1,0,0.7266054066845687
OntoUML,Stereotype,GNN(FTLM(NL+NA)),1,1,0.7488067178089718
OntoUML,Stereotype,GNN(FTLM(NL+NA)),1,2,0.7424485966717899
OntoUML,Stereotype,GNN(FTLM(NL+NA)),1,3,0.74608409626417
OntoUML,Stereotype,GNN(FTLM(NL+NA)),1,4,0.7260231563615858
OntoUML,Stereotype,GNN(FTLM(NL+NA)),1,5,0.7393488597527457
OntoUML,Stereotype,GNN(FTLM(NL+NA)),1,6,0.7370014288626847
OntoUML,Stereotype,GNN(FTLM(NL+NA)),1,7,0.7343578788526333
OntoUML,Stereotype,GNN(FTLM(NL+NA)),1,8,0.7204498499353754
OntoUML,Stereotype,GNN(FTLM(NL+NA)),1,9,0.7396512651786294
OntoUML,Stereotype,GNN(FTLM(NL+NA)),2,0,0.7339730428816619
OntoUML,Stereotype,GNN(FTLM(NL+NA)),2,1,0.7288099772186374
OntoUML,Stereotype,GNN(FTLM(NL+NA)),2,2,0.7189905339033419
OntoUML,Stereotype,GNN(FTLM(NL+NA)),2,3,0.724851240283497
OntoUML,Stereotype,GNN(FTLM(NL+NA)),2,4,0.73256800080238
OntoUML,Stereotype,GNN(FTLM(NL+NA)),2,5,0.697395821373458
OntoUML,Stereotype,GNN(FTLM(NL+NA)),2,6,0.7237546345319336
OntoUML,Stereotype,GNN(FTLM(NL+NA)),2,7,0.7304320014718143
OntoUML,Stereotype,GNN(FTLM(NL+NA)),2,8,0.7318212862523418
OntoUML,Stereotype,GNN(FTLM(NL+NA)),2,9,0.7420073020701002
OntoUML,Stereotype,GNN(FTLM(NL+NA)),3,0,0.7873504567909648
OntoUML,Stereotype,GNN(FTLM(NL+NA)),3,1,0.7791256283474625
OntoUML,Stereotype,GNN(FTLM(NL+NA)),3,2,0.7790197600611543
OntoUML,Stereotype,GNN(FTLM(NL+NA)),3,3,0.783869453479946
OntoUML,Stereotype,GNN(FTLM(NL+NA)),3,4,0.7706067300525766
OntoUML,Stereotype,GNN(FTLM(NL+NA)),3,5,0.7755981194505682
OntoUML,Stereotype,GNN(FTLM(NL+NA)),3,6,0.7850623900307854
OntoUML,Stereotype,GNN(FTLM(NL+NA)),3,7,0.795574452148951
OntoUML,Stereotype,GNN(FTLM(NL+NA)),3,8,0.7744073269426826
OntoUML,Stereotype,GNN(FTLM(NL+NA)),3,9,0.7755159931067014
OntoUML,Stereotype,GNN(FTLM(NL+NA+NT)),1,0,0.7719848019378768
OntoUML,Stereotype,GNN(FTLM(NL+NA+NT)),1,1,0.7834320369400806
OntoUML,Stereotype,GNN(FTLM(NL+NA+NT)),1,2,0.7696968669641086
OntoUML,Stereotype,GNN(FTLM(NL+NA+NT)),1,3,0.7846935903647114
OntoUML,Stereotype,GNN(FTLM(NL+NA+NT)),1,4,0.7603334278257126
OntoUML,Stereotype,GNN(FTLM(NL+NA+NT)),1,5,0.7681396370426301
OntoUML,Stereotype,GNN(FTLM(NL+NA+NT)),1,6,0.7680183484331448
OntoUML,Stereotype,GNN(FTLM(NL+NA+NT)),1,7,0.7778650572409622
OntoUML,Stereotype,GNN(FTLM(NL+NA+NT)),1,8,0.7804526037697828
OntoUML,Stereotype,GNN(FTLM(NL+NA+NT)),1,9,0.7549055564188177
OntoUML,Stereotype,GNN(FTLM(NL+NA+NT)),2,0,0.8458488237418877
OntoUML,Stereotype,GNN(FTLM(NL+NA+NT)),2,1,0.8583685247877646
OntoUML,Stereotype,GNN(FTLM(NL+NA+NT)),2,2,0.8484130635411419
OntoUML,Stereotype,GNN(FTLM(NL+NA+NT)),2,3,0.8397757222435236
OntoUML,Stereotype,GNN(FTLM(NL+NA+NT)),2,4,0.8653847997202347
OntoUML,Stereotype,GNN(FTLM(NL+NA+NT)),2,5,0.8599397008415365
OntoUML,Stereotype,GNN(FTLM(NL+NA+NT)),2,6,0.8599317749686075
OntoUML,Stereotype,GNN(FTLM(NL+NA+NT)),2,7,0.850245542835539
OntoUML,Stereotype,GNN(FTLM(NL+NA+NT)),2,8,0.8652893845216731
OntoUML,Stereotype,GNN(FTLM(NL+NA+NT)),2,9,0.8526004000357288
OntoUML,Stereotype,GNN(FTLM(NL+NA+NT)),3,0,0.8519643527782295
OntoUML,Stereotype,GNN(FTLM(NL+NA+NT)),3,1,0.8318833484905738
OntoUML,Stereotype,GNN(FTLM(NL+NA+NT)),3,2,0.832458645523162
OntoUML,Stereotype,GNN(FTLM(NL+NA+NT)),3,3,0.843046632105977
OntoUML,Stereotype,GNN(FTLM(NL+NA+NT)),3,4,0.8339766785420294
OntoUML,Stereotype,GNN(FTLM(NL+NA+NT)),3,5,0.8477545106536882
OntoUML,Stereotype,GNN(FTLM(NL+NA+NT)),3,6,0.8436008774412905
OntoUML,Stereotype,GNN(FTLM(NL+NA+NT)),3,7,0.831770287821369
OntoUML,Stereotype,GNN(FTLM(NL+NA+NT)),3,8,0.841728656009451
OntoUML,Stereotype,GNN(FTLM(NL+NA+NT)),3,9,0.8374872231181263
Ecore-555,Abstract,LLM(NL),0,0,0.8771583282917704
Ecore-555,Abstract,LLM(NL),0,1,0.861674470168218
Ecore-555,Abstract,LLM(NL),0,2,0.8636082690452712
Ecore-555,Abstract,LLM(NL),0,3,0.8801123690537633
Ecore-555,Abstract,LLM(NL),0,4,0.8903859338924252
Ecore-555,Abstract,LLM(NL),0,5,0.8879900866422794
Ecore-555,Abstract,LLM(NL),0,6,0.8686322301166061
Ecore-555,Abstract,LLM(NL),0,7,0.8701885470706823
Ecore-555,Abstract,LLM(NL),0,8,0.8833345866228266
Ecore-555,Abstract,LLM(NL),0,9,0.8667556519375537
Ecore-555,Abstract,LLM(NL),1,0,0.8932365086286264
Ecore-555,Abstract,LLM(NL),1,1,0.904168755974363
Ecore-555,Abstract,LLM(NL),1,2,0.9075151678053214
Ecore-555,Abstract,LLM(NL),1,3,0.8947085038218175
Ecore-555,Abstract,LLM(NL),1,4,0.8865376885850085
Ecore-555,Abstract,LLM(NL),1,5,0.888632704854459
Ecore-555,Abstract,LLM(NL),1,6,0.9096542928417233
Ecore-555,Abstract,LLM(NL),1,7,0.8954162348368816
Ecore-555,Abstract,LLM(NL),1,8,0.9015865290762889
Ecore-555,Abstract,LLM(NL),1,9,0.9051255868433784
Ecore-555,Abstract,LLM(NL),2,0,0.8871914087909472
Ecore-555,Abstract,LLM(NL),2,1,0.8776509720128652
Ecore-555,Abstract,LLM(NL),2,2,0.885987157004806
Ecore-555,Abstract,LLM(NL),2,3,0.8720993970787916
Ecore-555,Abstract,LLM(NL),2,4,0.8773828597432198
Ecore-555,Abstract,LLM(NL),2,5,0.8707558441221213
Ecore-555,Abstract,LLM(NL),2,6,0.8923176721636191
Ecore-555,Abstract,LLM(NL),2,7,0.8807291677193301
Ecore-555,Abstract,LLM(NL),2,8,0.873606925123697
Ecore-555,Abstract,LLM(NL),2,9,0.8774762820193486
Ecore-555,Abstract,LLM(NL),3,0,0.8817827151927673
Ecore-555,Abstract,LLM(NL),3,1,0.8910051979132501
Ecore-555,Abstract,LLM(NL),3,2,0.8680436382181477
Ecore-555,Abstract,LLM(NL),3,3,0.8736279415837458
Ecore-555,Abstract,LLM(NL),3,4,0.880218927484425
Ecore-555,Abstract,LLM(NL),3,5,0.9093230583276781
Ecore-555,Abstract,LLM(NL),3,6,0.89355678892532
Ecore-555,Abstract,LLM(NL),3,7,0.8828854832086905
Ecore-555,Abstract,LLM(NL),3,8,0.8911199958241084
Ecore-555,Abstract,LLM(NL),3,9,0.9045743616963033
Ecore-555,Abstract,LLM(NL+NA),0,0,0.8896625607322461
Ecore-555,Abstract,LLM(NL+NA),0,1,0.8883358665590244
Ecore-555,Abstract,LLM(NL+NA),0,2,0.904119435432219
Ecore-555,Abstract,LLM(NL+NA),0,3,0.8969417549813294
Ecore-555,Abstract,LLM(NL+NA),0,4,0.8987133315532256
Ecore-555,Abstract,LLM(NL+NA),0,5,0.8869177760071942
Ecore-555,Abstract,LLM(NL+NA),0,6,0.9112420313234274
Ecore-555,Abstract,LLM(NL+NA),0,7,0.9090959080159366
Ecore-555,Abstract,LLM(NL+NA),0,8,0.8976594778887275
Ecore-555,Abstract,LLM(NL+NA),0,9,0.8988428983814724
Ecore-555,Abstract,LLM(NL+NA),1,0,0.8847273912775697
Ecore-555,Abstract,LLM(NL+NA),1,1,0.9113770979349721
Ecore-555,Abstract,LLM(NL+NA),1,2,0.9030589141277467
Ecore-555,Abstract,LLM(NL+NA),1,3,0.9093390570582822
Ecore-555,Abstract,LLM(NL+NA),1,4,0.911824594118461
Ecore-555,Abstract,LLM(NL+NA),1,5,0.9015870823189173
Ecore-555,Abstract,LLM(NL+NA),1,6,0.8880951819981292
Ecore-555,Abstract,LLM(NL+NA),1,7,0.9086787456507424
Ecore-555,Abstract,LLM(NL+NA),1,8,0.897586163475596
Ecore-555,Abstract,LLM(NL+NA),1,9,0.9016980590727567
Ecore-555,Abstract,LLM(NL+NA),2,0,0.8909549015590581
Ecore-555,Abstract,LLM(NL+NA),2,1,0.8935842574474482
Ecore-555,Abstract,LLM(NL+NA),2,2,0.8739047904273406
Ecore-555,Abstract,LLM(NL+NA),2,3,0.9091694712723152
Ecore-555,Abstract,LLM(NL+NA),2,4,0.8995334610232648
Ecore-555,Abstract,LLM(NL+NA),2,5,0.9081139926291887
Ecore-555,Abstract,LLM(NL+NA),2,6,0.9167984182980994
Ecore-555,Abstract,LLM(NL+NA),2,7,0.8972259312256275
Ecore-555,Abstract,LLM(NL+NA),2,8,0.8789756374415942
Ecore-555,Abstract,LLM(NL+NA),2,9,0.8880611314962041
Ecore-555,Abstract,LLM(NL+NA),3,0,0.8809309551910329
Ecore-555,Abstract,LLM(NL+NA),3,1,0.8879812535685501
Ecore-555,Abstract,LLM(NL+NA),3,2,0.8937964797806598
Ecore-555,Abstract,LLM(NL+NA),3,3,0.8729781273297677
Ecore-555,Abstract,LLM(NL+NA),3,4,0.8964247549334156
Ecore-555,Abstract,LLM(NL+NA),3,5,0.8778964334671412
Ecore-555,Abstract,LLM(NL+NA),3,6,0.8959736526280001
Ecore-555,Abstract,LLM(NL+NA),3,7,0.8919050885482303
Ecore-555,Abstract,LLM(NL+NA),3,8,0.8898636876080742
Ecore-555,Abstract,LLM(NL+NA),3,9,0.8922695694405869
Ecore-555,Abstract,LLM(NL+NA+NT),1,0,0.9086022198426831
Ecore-555,Abstract,LLM(NL+NA+NT),1,1,0.9078752855659583
Ecore-555,Abstract,LLM(NL+NA+NT),1,2,0.8971724360913111
Ecore-555,Abstract,LLM(NL+NA+NT),1,3,0.9137037268515067
Ecore-555,Abstract,LLM(NL+NA+NT),1,4,0.9324553371062332
Ecore-555,Abstract,LLM(NL+NA+NT),1,5,0.933804950628846
Ecore-555,Abstract,LLM(NL+NA+NT),1,6,0.9272181759654494
Ecore-555,Abstract,LLM(NL+NA+NT),1,7,0.9210580160085157
Ecore-555,Abstract,LLM(NL+NA+NT),1,8,0.9072351987592001
Ecore-555,Abstract,LLM(NL+NA+NT),1,9,0.9284275078821627
Ecore-555,Abstract,LLM(NL+NA+NT),2,0,0.9084387244555904
Ecore-555,Abstract,LLM(NL+NA+NT),2,1,0.9083112449023693
Ecore-555,Abstract,LLM(NL+NA+NT),2,2,0.9060877286816074
Ecore-555,Abstract,LLM(NL+NA+NT),2,3,0.909919618990183
Ecore-555,Abstract,LLM(NL+NA+NT),2,4,0.9046478509841195
Ecore-555,Abstract,LLM(NL+NA+NT),2,5,0.908162178306269
Ecore-555,Abstract,LLM(NL+NA+NT),2,6,0.8981540089127275
Ecore-555,Abstract,LLM(NL+NA+NT),2,7,0.9052633629525948
Ecore-555,Abstract,LLM(NL+NA+NT),2,8,0.9318055646994983
Ecore-555,Abstract,LLM(NL+NA+NT),2,9,0.9083040597203805
Ecore-555,Abstract,LLM(NL+NA+NT),3,0,0.9056133943522824
Ecore-555,Abstract,LLM(NL+NA+NT),3,1,0.9133237427910506
Ecore-555,Abstract,LLM(NL+NA+NT),3,2,0.9150812182170347
Ecore-555,Abstract,LLM(NL+NA+NT),3,3,0.8968623114082793
Ecore-555,Abstract,LLM(NL+NA+NT),3,4,0.9059284121719676
Ecore-555,Abstract,LLM(NL+NA+NT),3,5,0.9171827584093477
Ecore-555,Abstract,LLM(NL+NA+NT),3,6,0.910698376290721
Ecore-555,Abstract,LLM(NL+NA+NT),3,7,0.9092195404350177
Ecore-555,Abstract,LLM(NL+NA+NT),3,8,0.9235401766860873
Ecore-555,Abstract,LLM(NL+NA+NT),3,9,0.9012222724036036
Ecore-555,Abstract,LLM(NL+NA+NT+EL),1,0,0.9098274589510763
Ecore-555,Abstract,LLM(NL+NA+NT+EL),1,1,0.9037994133474493
Ecore-555,Abstract,LLM(NL+NA+NT+EL),1,2,0.9239030822907625
Ecore-555,Abstract,LLM(NL+NA+NT+EL),1,3,0.8894813960072347
Ecore-555,Abstract,LLM(NL+NA+NT+EL),1,4,0.9022985830451624
Ecore-555,Abstract,LLM(NL+NA+NT+EL),1,5,0.9037084303397208
Ecore-555,Abstract,LLM(NL+NA+NT+EL),1,6,0.915635396231716
Ecore-555,Abstract,LLM(NL+NA+NT+EL),1,7,0.9150627547610953
Ecore-555,Abstract,LLM(NL+NA+NT+EL),1,8,0.9229519426023873
Ecore-555,Abstract,LLM(NL+NA+NT+EL),1,9,0.8932596715766268
Ecore-555,Abstract,LLM(NL+NA+NT+EL),2,0,0.9035047500903048
Ecore-555,Abstract,LLM(NL+NA+NT+EL),2,1,0.8930672013571169
Ecore-555,Abstract,LLM(NL+NA+NT+EL),2,2,0.8893437476274183
Ecore-555,Abstract,LLM(NL+NA+NT+EL),2,3,0.9013956853337253
Ecore-555,Abstract,LLM(NL+NA+NT+EL),2,4,0.8867986041726436
Ecore-555,Abstract,LLM(NL+NA+NT+EL),2,5,0.8752308670468568
Ecore-555,Abstract,LLM(NL+NA+NT+EL),2,6,0.8922978151107737
Ecore-555,Abstract,LLM(NL+NA+NT+EL),2,7,0.881022291483581
Ecore-555,Abstract,LLM(NL+NA+NT+EL),2,8,0.8895108417892932
Ecore-555,Abstract,LLM(NL+NA+NT+EL),2,9,0.899715547637511
Ecore-555,Abstract,LLM(NL+NA+NT+EL),3,0,0.8541199974561415
Ecore-555,Abstract,LLM(NL+NA+NT+EL),3,1,0.8668689944897856
Ecore-555,Abstract,LLM(NL+NA+NT+EL),3,2,0.8490034525305651
Ecore-555,Abstract,LLM(NL+NA+NT+EL),3,3,0.8356666840945214
Ecore-555,Abstract,LLM(NL+NA+NT+EL),3,4,0.8434390314336432
Ecore-555,Abstract,LLM(NL+NA+NT+EL),3,5,0.8418061577537372
Ecore-555,Abstract,LLM(NL+NA+NT+EL),3,6,0.8388217484154175
Ecore-555,Abstract,LLM(NL+NA+NT+EL),3,7,0.8553536719501544
Ecore-555,Abstract,LLM(NL+NA+NT+EL),3,8,0.8445476766203476
Ecore-555,Abstract,LLM(NL+NA+NT+EL),3,9,0.8312262718331299
Ecore-555,Abstract,GNN(R),0,0,0.8089384560623843
Ecore-555,Abstract,GNN(R),0,1,0.7927714686258659
Ecore-555,Abstract,GNN(R),0,2,0.8021367455670508
Ecore-555,Abstract,GNN(R),0,3,0.7971144308939997
Ecore-555,Abstract,GNN(R),0,4,0.8076330946829675
Ecore-555,Abstract,GNN(R),0,5,0.7957603749403107
Ecore-555,Abstract,GNN(R),0,6,0.8197240496695642
Ecore-555,Abstract,GNN(R),0,7,0.8034996557995445
Ecore-555,Abstract,GNN(R),0,8,0.8028413524677681
Ecore-555,Abstract,GNN(R),0,9,0.8031973383536511
Ecore-555,Abstract,GNN(FTLM(NL)),0,0,0.9054336225743128
Ecore-555,Abstract,GNN(FTLM(NL)),0,1,0.9183536424819628
Ecore-555,Abstract,GNN(FTLM(NL)),0,2,0.917406835104505
Ecore-555,Abstract,GNN(FTLM(NL)),0,3,0.9220754672116048
Ecore-555,Abstract,GNN(FTLM(NL)),0,4,0.9064130583570371
Ecore-555,Abstract,GNN(FTLM(NL)),0,5,0.9363411477689292
Ecore-555,Abstract,GNN(FTLM(NL)),0,6,0.9210438866415653
Ecore-555,Abstract,GNN(FTLM(NL)),0,7,0.9078868245934933
Ecore-555,Abstract,GNN(FTLM(NL)),0,8,0.9029111303642117
Ecore-555,Abstract,GNN(FTLM(NL)),0,9,0.9171871270627934
Ecore-555,Abstract,GNN(FTLM(NL)),1,0,0.9201032458707353
Ecore-555,Abstract,GNN(FTLM(NL)),1,1,0.9138170791402561
Ecore-555,Abstract,GNN(FTLM(NL)),1,2,0.9219211382792393
Ecore-555,Abstract,GNN(FTLM(NL)),1,3,0.9145882423276044
Ecore-555,Abstract,GNN(FTLM(NL)),1,4,0.926516582517063
Ecore-555,Abstract,GNN(FTLM(NL)),1,5,0.9137545818161112
Ecore-555,Abstract,GNN(FTLM(NL)),1,6,0.9206149977489508
Ecore-555,Abstract,GNN(FTLM(NL)),1,7,0.9307883917336214
Ecore-555,Abstract,GNN(FTLM(NL)),1,8,0.946716688829103
Ecore-555,Abstract,GNN(FTLM(NL)),1,9,0.910923568073694
Ecore-555,Abstract,GNN(FTLM(NL)),2,0,0.9103549222991291
Ecore-555,Abstract,GNN(FTLM(NL)),2,1,0.9066016430220006
Ecore-555,Abstract,GNN(FTLM(NL)),2,2,0.9228432832176928
Ecore-555,Abstract,GNN(FTLM(NL)),2,3,0.9035190069428244
Ecore-555,Abstract,GNN(FTLM(NL)),2,4,0.9101564295440692
Ecore-555,Abstract,GNN(FTLM(NL)),2,5,0.9147039871676249
Ecore-555,Abstract,GNN(FTLM(NL)),2,6,0.9052132146052025
Ecore-555,Abstract,GNN(FTLM(NL)),2,7,0.9054267495769083
Ecore-555,Abstract,GNN(FTLM(NL)),2,8,0.9102437711187814
Ecore-555,Abstract,GNN(FTLM(NL)),2,9,0.8939955975966264
Ecore-555,Abstract,GNN(FTLM(NL)),3,0,0.9005452178292667
Ecore-555,Abstract,GNN(FTLM(NL)),3,1,0.9108696591220683
Ecore-555,Abstract,GNN(FTLM(NL)),3,2,0.91648230636342
Ecore-555,Abstract,GNN(FTLM(NL)),3,3,0.9131424001404641
Ecore-555,Abstract,GNN(FTLM(NL)),3,4,0.8972603130516061
Ecore-555,Abstract,GNN(FTLM(NL)),3,5,0.9103621370824001
Ecore-555,Abstract,GNN(FTLM(NL)),3,6,0.9229843764050618
Ecore-555,Abstract,GNN(FTLM(NL)),3,7,0.9205586551199133
Ecore-555,Abstract,GNN(FTLM(NL)),3,8,0.9142125213847216
Ecore-555,Abstract,GNN(FTLM(NL)),3,9,0.906126301249018
Ecore-555,Abstract,GNN(FTLM(NL+NA)),0,0,0.9323121637095221
Ecore-555,Abstract,GNN(FTLM(NL+NA)),0,1,0.9202107101879006
Ecore-555,Abstract,GNN(FTLM(NL+NA)),0,2,0.9143075159752598
Ecore-555,Abstract,GNN(FTLM(NL+NA)),0,3,0.9179781376483822
Ecore-555,Abstract,GNN(FTLM(NL+NA)),0,4,0.9404834529177416
Ecore-555,Abstract,GNN(FTLM(NL+NA)),0,5,0.9282018003820169
Ecore-555,Abstract,GNN(FTLM(NL+NA)),0,6,0.9375924705304771
Ecore-555,Abstract,GNN(FTLM(NL+NA)),0,7,0.9212066368669064
Ecore-555,Abstract,GNN(FTLM(NL+NA)),0,8,0.9353814933918515
Ecore-555,Abstract,GNN(FTLM(NL+NA)),0,9,0.9199849595638193
Ecore-555,Abstract,GNN(FTLM(NL+NA)),1,0,0.9284257263096718
Ecore-555,Abstract,GNN(FTLM(NL+NA)),1,1,0.954863502599557
Ecore-555,Abstract,GNN(FTLM(NL+NA)),1,2,0.9376714863229962
Ecore-555,Abstract,GNN(FTLM(NL+NA)),1,3,0.9249882962467231
Ecore-555,Abstract,GNN(FTLM(NL+NA)),1,4,0.9291518096097329
Ecore-555,Abstract,GNN(FTLM(NL+NA)),1,5,0.9332622342088565
Ecore-555,Abstract,GNN(FTLM(NL+NA)),1,6,0.9421045758951591
Ecore-555,Abstract,GNN(FTLM(NL+NA)),1,7,0.9251086690832986
Ecore-555,Abstract,GNN(FTLM(NL+NA)),1,8,0.9125868091539553
Ecore-555,Abstract,GNN(FTLM(NL+NA)),1,9,0.927203581868737
Ecore-555,Abstract,GNN(FTLM(NL+NA)),2,0,0.9181538545716376
Ecore-555,Abstract,GNN(FTLM(NL+NA)),2,1,0.9190953796873524
Ecore-555,Abstract,GNN(FTLM(NL+NA)),2,2,0.9311669013618267
Ecore-555,Abstract,GNN(FTLM(NL+NA)),2,3,0.9211668707830594
Ecore-555,Abstract,GNN(FTLM(NL+NA)),2,4,0.9261291697163598
Ecore-555,Abstract,GNN(FTLM(NL+NA)),2,5,0.906988863060752
Ecore-555,Abstract,GNN(FTLM(NL+NA)),2,6,0.9266790148842455
Ecore-555,Abstract,GNN(FTLM(NL+NA)),2,7,0.9389621983165629
Ecore-555,Abstract,GNN(FTLM(NL+NA)),2,8,0.9257290929025018
Ecore-555,Abstract,GNN(FTLM(NL+NA)),2,9,0.9205355571994072
Ecore-555,Abstract,GNN(FTLM(NL+NA)),3,0,0.9235398818840774
Ecore-555,Abstract,GNN(FTLM(NL+NA)),3,1,0.9398714223902601
Ecore-555,Abstract,GNN(FTLM(NL+NA)),3,2,0.9127281851660914
Ecore-555,Abstract,GNN(FTLM(NL+NA)),3,3,0.9208889764204595
Ecore-555,Abstract,GNN(FTLM(NL+NA)),3,4,0.9266020759293822
Ecore-555,Abstract,GNN(FTLM(NL+NA)),3,5,0.929440011078132
Ecore-555,Abstract,GNN(FTLM(NL+NA)),3,6,0.9176267209429162
Ecore-555,Abstract,GNN(FTLM(NL+NA)),3,7,0.9250732139472724
Ecore-555,Abstract,GNN(FTLM(NL+NA)),3,8,0.9192207851864889
Ecore-555,Abstract,GNN(FTLM(NL+NA)),3,9,0.9232047113280129
Ecore-555,Abstract,GNN(FTLM(NL+NA+NT)),1,0,0.9276790845962611
Ecore-555,Abstract,GNN(FTLM(NL+NA+NT)),1,1,0.9175840632214446
Ecore-555,Abstract,GNN(FTLM(NL+NA+NT)),1,2,0.9287888641497656
Ecore-555,Abstract,GNN(FTLM(NL+NA+NT)),1,3,0.9377715152206184
Ecore-555,Abstract,GNN(FTLM(NL+NA+NT)),1,4,0.9193298170845833
Ecore-555,Abstract,GNN(FTLM(NL+NA+NT)),1,5,0.9265890825122517
Ecore-555,Abstract,GNN(FTLM(NL+NA+NT)),1,6,0.9356478006445715
Ecore-555,Abstract,GNN(FTLM(NL+NA+NT)),1,7,0.9183013489325283
Ecore-555,Abstract,GNN(FTLM(NL+NA+NT)),1,8,0.9308263833750816
Ecore-555,Abstract,GNN(FTLM(NL+NA+NT)),1,9,0.9183987018104657
Ecore-555,Abstract,GNN(FTLM(NL+NA+NT)),2,0,0.9273463050083378
Ecore-555,Abstract,GNN(FTLM(NL+NA+NT)),2,1,0.9391282138187986
Ecore-555,Abstract,GNN(FTLM(NL+NA+NT)),2,2,0.9362225528424577
Ecore-555,Abstract,GNN(FTLM(NL+NA+NT)),2,3,0.9138081932222687
Ecore-555,Abstract,GNN(FTLM(NL+NA+NT)),2,4,0.9234019912874063
Ecore-555,Abstract,GNN(FTLM(NL+NA+NT)),2,5,0.9172099772850016
Ecore-555,Abstract,GNN(FTLM(NL+NA+NT)),2,6,0.9170210589606929
Ecore-555,Abstract,GNN(FTLM(NL+NA+NT)),2,7,0.9314775706093783
Ecore-555,Abstract,GNN(FTLM(NL+NA+NT)),2,8,0.9028082042381584
Ecore-555,Abstract,GNN(FTLM(NL+NA+NT)),2,9,0.9265529459746612
Ecore-555,Abstract,GNN(FTLM(NL+NA+NT)),3,0,0.9195102400484427
Ecore-555,Abstract,GNN(FTLM(NL+NA+NT)),3,1,0.9340854062060414
Ecore-555,Abstract,GNN(FTLM(NL+NA+NT)),3,2,0.9218723336889945
Ecore-555,Abstract,GNN(FTLM(NL+NA+NT)),3,3,0.9132732800547382
Ecore-555,Abstract,GNN(FTLM(NL+NA+NT)),3,4,0.9227714037675139
Ecore-555,Abstract,GNN(FTLM(NL+NA+NT)),3,5,0.9273596709502969
Ecore-555,Abstract,GNN(FTLM(NL+NA+NT)),3,6,0.9203576367411119
Ecore-555,Abstract,GNN(FTLM(NL+NA+NT)),3,7,0.9248803827655661
Ecore-555,Abstract,GNN(FTLM(NL+NA+NT)),3,8,0.9147832482429802
Ecore-555,Abstract,GNN(FTLM(NL+NA+NT)),3,9,0.8986611609915494
Ecore-555,Abstract,GNN(FTLM(NL+NA+NT+EL)),1,0,0.9330002358377335
Ecore-555,Abstract,GNN(FTLM(NL+NA+NT+EL)),1,1,0.9309915973618429
Ecore-555,Abstract,GNN(FTLM(NL+NA+NT+EL)),1,2,0.9254817838461433
Ecore-555,Abstract,GNN(FTLM(NL+NA+NT+EL)),1,3,0.9246841056221032
Ecore-555,Abstract,GNN(FTLM(NL+NA+NT+EL)),1,4,0.9343629576935474
Ecore-555,Abstract,GNN(FTLM(NL+NA+NT+EL)),1,5,0.9194289327452344
Ecore-555,Abstract,GNN(FTLM(NL+NA+NT+EL)),1,6,0.9169346593464148
Ecore-555,Abstract,GNN(FTLM(NL+NA+NT+EL)),1,7,0.9221145013050401
Ecore-555,Abstract,GNN(FTLM(NL+NA+NT+EL)),1,8,0.9358909718855154
Ecore-555,Abstract,GNN(FTLM(NL+NA+NT+EL)),1,9,0.9101288709573552
Ecore-555,Abstract,GNN(FTLM(NL+NA+NT+EL)),2,0,0.9279182999261402
Ecore-555,Abstract,GNN(FTLM(NL+NA+NT+EL)),2,1,0.9096074714579448
Ecore-555,Abstract,GNN(FTLM(NL+NA+NT+EL)),2,2,0.9049925650027598
Ecore-555,Abstract,GNN(FTLM(NL+NA+NT+EL)),2,3,0.9286006183614233
Ecore-555,Abstract,GNN(FTLM(NL+NA+NT+EL)),2,4,0.915031099052038
Ecore-555,Abstract,GNN(FTLM(NL+NA+NT+EL)),2,5,0.9029976563561508
Ecore-555,Abstract,GNN(FTLM(NL+NA+NT+EL)),2,6,0.9124126694094357
Ecore-555,Abstract,GNN(FTLM(NL+NA+NT+EL)),2,7,0.9253105243088704
Ecore-555,Abstract,GNN(FTLM(NL+NA+NT+EL)),2,8,0.9279207419262178
Ecore-555,Abstract,GNN(FTLM(NL+NA+NT+EL)),2,9,0.9117290131807896
Ecore-555,Abstract,GNN(FTLM(NL+NA+NT+EL)),3,0,0.9160632075909728
Ecore-555,Abstract,GNN(FTLM(NL+NA+NT+EL)),3,1,0.9191408463239443
Ecore-555,Abstract,GNN(FTLM(NL+NA+NT+EL)),3,2,0.9055537350628364
Ecore-555,Abstract,GNN(FTLM(NL+NA+NT+EL)),3,3,0.9155503607516645
Ecore-555,Abstract,GNN(FTLM(NL+NA+NT+EL)),3,4,0.9116812208524444
Ecore-555,Abstract,GNN(FTLM(NL+NA+NT+EL)),3,5,0.9066397558952691
Ecore-555,Abstract,GNN(FTLM(NL+NA+NT+EL)),3,6,0.9070785206462108
Ecore-555,Abstract,GNN(FTLM(NL+NA+NT+EL)),3,7,0.9126703448186722
Ecore-555,Abstract,GNN(FTLM(NL+NA+NT+EL)),3,8,0.9122985348695863
Ecore-555,Abstract,GNN(FTLM(NL+NA+NT+EL)),3,9,0.9063451004667566
ModelSet,Abstract,LLM(NL),0,0,0.8377405489159984
ModelSet,Abstract,LLM(NL),0,1,0.8531333723834034
ModelSet,Abstract,LLM(NL),0,2,0.8441382713517698
ModelSet,Abstract,LLM(NL),0,3,0.8508509436658828
ModelSet,Abstract,LLM(NL),0,4,0.8540182223193742
ModelSet,Abstract,LLM(NL),0,5,0.8478884225963954
ModelSet,Abstract,LLM(NL),0,6,0.8647088631338243
ModelSet,Abstract,LLM(NL),0,7,0.833746959682361
ModelSet,Abstract,LLM(NL),0,8,0.8500840959308229
ModelSet,Abstract,LLM(NL),0,9,0.838818560269689
ModelSet,Abstract,LLM(NL),1,0,0.9035578326337128
ModelSet,Abstract,LLM(NL),1,1,0.9020044012139242
ModelSet,Abstract,LLM(NL),1,2,0.8654578881799326
ModelSet,Abstract,LLM(NL),1,3,0.8753113375748812
ModelSet,Abstract,LLM(NL),1,4,0.8916431291079434
ModelSet,Abstract,LLM(NL),1,5,0.8928986720988448
ModelSet,Abstract,LLM(NL),1,6,0.8923656421615928
ModelSet,Abstract,LLM(NL),1,7,0.8842913467182666
ModelSet,Abstract,LLM(NL),1,8,0.8895512082456348
ModelSet,Abstract,LLM(NL),1,9,0.8915302143578633
ModelSet,Abstract,LLM(NL),2,0,0.8902212873046268
ModelSet,Abstract,LLM(NL),2,1,0.9012730196836163
ModelSet,Abstract,LLM(NL),2,2,0.8684050275089096
ModelSet,Abstract,LLM(NL),2,3,0.8973379351956999
ModelSet,Abstract,LLM(NL),2,4,0.8806594738771427
ModelSet,Abstract,LLM(NL),2,5,0.9005867780796939
ModelSet,Abstract,LLM(NL),2,6,0.888713155751088
ModelSet,Abstract,LLM(NL),2,7,0.8821121272891598
ModelSet,Abstract,LLM(NL),2,8,0.8947390215674424
ModelSet,Abstract,LLM(NL),2,9,0.8818866650215423
ModelSet,Abstract,LLM(NL),3,0,0.8678723210244461
ModelSet,Abstract,LLM(NL),3,1,0.861327056440469
ModelSet,Abstract,LLM(NL),3,2,0.8767329224520188
ModelSet,Abstract,LLM(NL),3,3,0.8819682352169084
ModelSet,Abstract,LLM(NL),3,4,0.8872302598613124
ModelSet,Abstract,LLM(NL),3,5,0.8755827213821099
ModelSet,Abstract,LLM(NL),3,6,0.8874785520844765
ModelSet,Abstract,LLM(NL),3,7,0.877179609751348
ModelSet,Abstract,LLM(NL),3,8,0.8760671151902044
ModelSet,Abstract,LLM(NL),3,9,0.8827356294785779
ModelSet,Abstract,LLM(NL+NA),0,0,0.8685839277612576
ModelSet,Abstract,LLM(NL+NA),0,1,0.8545856554554141
ModelSet,Abstract,LLM(NL+NA),0,2,0.8555623837804404
ModelSet,Abstract,LLM(NL+NA),0,3,0.8563916859530016
ModelSet,Abstract,LLM(NL+NA),0,4,0.8588276912699184
ModelSet,Abstract,LLM(NL+NA),0,5,0.8489959179039485
ModelSet,Abstract,LLM(NL+NA),0,6,0.8682800606006629
ModelSet,Abstract,LLM(NL+NA),0,7,0.8539959036822167
ModelSet,Abstract,LLM(NL+NA),0,8,0.8626244345677786
ModelSet,Abstract,LLM(NL+NA),0,9,0.8497452742777607
ModelSet,Abstract,LLM(NL+NA),1,0,0.901588039528089
ModelSet,Abstract,LLM(NL+NA),1,1,0.9019159301575034
ModelSet,Abstract,LLM(NL+NA),1,2,0.8937931859320267
ModelSet,Abstract,LLM(NL+NA),1,3,0.9182088943299714
ModelSet,Abstract,LLM(NL+NA),1,4,0.9017103996124191
ModelSet,Abstract,LLM(NL+NA),1,5,0.9157692892297739
ModelSet,Abstract,LLM(NL+NA),1,6,0.9075913892389813
ModelSet,Abstract,LLM(NL+NA),1,7,0.8913772519294394
ModelSet,Abstract,LLM(NL+NA),1,8,0.8941781318434211
ModelSet,Abstract,LLM(NL+NA),1,9,0.9023610206735724
ModelSet,Abstract,LLM(NL+NA),2,0,0.8916117253183875
ModelSet,Abstract,LLM(NL+NA),2,1,0.8914946114175893
ModelSet,Abstract,LLM(NL+NA),2,2,0.8881379504562545
ModelSet,Abstract,LLM(NL+NA),2,3,0.8729152364425901
ModelSet,Abstract,LLM(NL+NA),2,4,0.8887456735657931
ModelSet,Abstract,LLM(NL+NA),2,5,0.8688187853607724
ModelSet,Abstract,LLM(NL+NA),2,6,0.8947181956878494
ModelSet,Abstract,LLM(NL+NA),2,7,0.883739422125723
ModelSet,Abstract,LLM(NL+NA),2,8,0.8838458327382785
ModelSet,Abstract,LLM(NL+NA),2,9,0.8888069620437002
ModelSet,Abstract,LLM(NL+NA),3,0,0.8957267234629587
ModelSet,Abstract,LLM(NL+NA),3,1,0.8786799382226405
ModelSet,Abstract,LLM(NL+NA),3,2,0.8755139881044659
ModelSet,Abstract,LLM(NL+NA),3,3,0.8823393412850019
ModelSet,Abstract,LLM(NL+NA),3,4,0.8725827247580128
ModelSet,Abstract,LLM(NL+NA),3,5,0.883331503901107
ModelSet,Abstract,LLM(NL+NA),3,6,0.9089088303052297
ModelSet,Abstract,LLM(NL+NA),3,7,0.8824341408350295
ModelSet,Abstract,LLM(NL+NA),3,8,0.8995140517490019
ModelSet,Abstract,LLM(NL+NA),3,9,0.8792836519173487
ModelSet,Abstract,LLM(NL+NA+NT),1,0,0.895991201525725
ModelSet,Abstract,LLM(NL+NA+NT),1,1,0.8898026618778732
ModelSet,Abstract,LLM(NL+NA+NT),1,2,0.8924018721446573
ModelSet,Abstract,LLM(NL+NA+NT),1,3,0.8986877759436754
ModelSet,Abstract,LLM(NL+NA+NT),1,4,0.9105624012531618
ModelSet,Abstract,LLM(NL+NA+NT),1,5,0.8949470634983328
ModelSet,Abstract,LLM(NL+NA+NT),1,6,0.894243589513961
ModelSet,Abstract,LLM(NL+NA+NT),1,7,0.8832663228251769
ModelSet,Abstract,LLM(NL+NA+NT),1,8,0.8988333965533234
ModelSet,Abstract,LLM(NL+NA+NT),1,9,0.8905392766945474
ModelSet,Abstract,LLM(NL+NA+NT),2,0,0.9043200704290844
ModelSet,Abstract,LLM(NL+NA+NT),2,1,0.8955629354951503
ModelSet,Abstract,LLM(NL+NA+NT),2,2,0.9134085570380985
ModelSet,Abstract,LLM(NL+NA+NT),2,3,0.8761708349686254
ModelSet,Abstract,LLM(NL+NA+NT),2,4,0.8930340063984493
ModelSet,Abstract,LLM(NL+NA+NT),2,5,0.9048148163880126
ModelSet,Abstract,LLM(NL+NA+NT),2,6,0.8924930780291501
ModelSet,Abstract,LLM(NL+NA+NT),2,7,0.8880782693099454
ModelSet,Abstract,LLM(NL+NA+NT),2,8,0.8933411939426041
ModelSet,Abstract,LLM(NL+NA+NT),2,9,0.8822007125239266
ModelSet,Abstract,LLM(NL+NA+NT),3,0,0.8911895377168977
ModelSet,Abstract,LLM(NL+NA+NT),3,1,0.9144046184017323
ModelSet,Abstract,LLM(NL+NA+NT),3,2,0.9014503149822672
ModelSet,Abstract,LLM(NL+NA+NT),3,3,0.8789099089348473
ModelSet,Abstract,LLM(NL+NA+NT),3,4,0.8812665891767171
ModelSet,Abstract,LLM(NL+NA+NT),3,5,0.8859527219097755
ModelSet,Abstract,LLM(NL+NA+NT),3,6,0.9000441612773393
ModelSet,Abstract,LLM(NL+NA+NT),3,7,0.8817851299083082
ModelSet,Abstract,LLM(NL+NA+NT),3,8,0.8830976858105247
ModelSet,Abstract,LLM(NL+NA+NT),3,9,0.8988474943351491
ModelSet,Abstract,LLM(NL+NA+NT+EL),1,0,0.9086465257047515
ModelSet,Abstract,LLM(NL+NA+NT+EL),1,1,0.8962618533961055
ModelSet,Abstract,LLM(NL+NA+NT+EL),1,2,0.8888223658562721
ModelSet,Abstract,LLM(NL+NA+NT+EL),1,3,0.8845025517673729
ModelSet,Abstract,LLM(NL+NA+NT+EL),1,4,0.893010098730899
ModelSet,Abstract,LLM(NL+NA+NT+EL),1,5,0.8776947109772847
ModelSet,Abstract,LLM(NL+NA+NT+EL),1,6,0.9074981988190992
ModelSet,Abstract,LLM(NL+NA+NT+EL),1,7,0.8936996930019544
ModelSet,Abstract,LLM(NL+NA+NT+EL),1,8,0.9048129366424514
ModelSet,Abstract,LLM(NL+NA+NT+EL),1,9,0.9186832488760134
ModelSet,Abstract,LLM(NL+NA+NT+EL),2,0,0.8887299570713286
ModelSet,Abstract,LLM(NL+NA+NT+EL),2,1,0.8654886516205301
ModelSet,Abstract,LLM(NL+NA+NT+EL),2,2,0.8856924898647669
ModelSet,Abstract,LLM(NL+NA+NT+EL),2,3,0.8885785702751644
ModelSet,Abstract,LLM(NL+NA+NT+EL),2,4,0.8695364348190391
ModelSet,Abstract,LLM(NL+NA+NT+EL),2,5,0.86746703076928
ModelSet,Abstract,LLM(NL+NA+NT+EL),2,6,0.8759030810266146
ModelSet,Abstract,LLM(NL+NA+NT+EL),2,7,0.8609857665048382
ModelSet,Abstract,LLM(NL+NA+NT+EL),2,8,0.8917073494930156
ModelSet,Abstract,LLM(NL+NA+NT+EL),2,9,0.8529463620696951
ModelSet,Abstract,LLM(NL+NA+NT+EL),3,0,0.8699319258425794
ModelSet,Abstract,LLM(NL+NA+NT+EL),3,1,0.8783043483599083
ModelSet,Abstract,LLM(NL+NA+NT+EL),3,2,0.8787291290866932
ModelSet,Abstract,LLM(NL+NA+NT+EL),3,3,0.8826612417314262
ModelSet,Abstract,LLM(NL+NA+NT+EL),3,4,0.8837144856867484
ModelSet,Abstract,LLM(NL+NA+NT+EL),3,5,0.8788638798537455
ModelSet,Abstract,LLM(NL+NA+NT+EL),3,6,0.8923688631876994
ModelSet,Abstract,LLM(NL+NA+NT+EL),3,7,0.859606238303628
ModelSet,Abstract,LLM(NL+NA+NT+EL),3,8,0.8809983548608304
ModelSet,Abstract,LLM(NL+NA+NT+EL),3,9,0.873854155882846
ModelSet,Abstract,GNN(R),0,0,0.8266502687028697
ModelSet,Abstract,GNN(R),0,1,0.8284151967589255
ModelSet,Abstract,GNN(R),0,2,0.8057634224701041
ModelSet,Abstract,GNN(R),0,3,0.8111810200692902
ModelSet,Abstract,GNN(R),0,4,0.8398517344650368
ModelSet,Abstract,GNN(R),0,5,0.8309811253730197
ModelSet,Abstract,GNN(R),0,6,0.8103950312679504
ModelSet,Abstract,GNN(R),0,7,0.8647978191868388
ModelSet,Abstract,GNN(R),0,8,0.8701835529699016
ModelSet,Abstract,GNN(R),0,9,0.7947507504207929
ModelSet,Abstract,GNN(FTLM(NL)),0,0,0.8320179496030033
ModelSet,Abstract,GNN(FTLM(NL)),0,1,0.8540899443563239
ModelSet,Abstract,GNN(FTLM(NL)),0,2,0.8368389862918488
ModelSet,Abstract,GNN(FTLM(NL)),0,3,0.8312106014291254
ModelSet,Abstract,GNN(FTLM(NL)),0,4,0.8269194316664056
ModelSet,Abstract,GNN(FTLM(NL)),0,5,0.8235880571412327
ModelSet,Abstract,GNN(FTLM(NL)),0,6,0.8268748529738026
ModelSet,Abstract,GNN(FTLM(NL)),0,7,0.8234927058759186
ModelSet,Abstract,GNN(FTLM(NL)),0,8,0.8364490835855803
ModelSet,Abstract,GNN(FTLM(NL)),0,9,0.8250184634730855
ModelSet,Abstract,GNN(FTLM(NL)),1,0,0.8225884848798993
ModelSet,Abstract,GNN(FTLM(NL)),1,1,0.8149783931317092
ModelSet,Abstract,GNN(FTLM(NL)),1,2,0.8265041012561969
ModelSet,Abstract,GNN(FTLM(NL)),1,3,0.8180587832656099
ModelSet,Abstract,GNN(FTLM(NL)),1,4,0.825192498312709
ModelSet,Abstract,GNN(FTLM(NL)),1,5,0.8374181555272153
ModelSet,Abstract,GNN(FTLM(NL)),1,6,0.8306592488631113
ModelSet,Abstract,GNN(FTLM(NL)),1,7,0.8320472529478543
ModelSet,Abstract,GNN(FTLM(NL)),1,8,0.830560908997578
ModelSet,Abstract,GNN(FTLM(NL)),1,9,0.8275917573019149
ModelSet,Abstract,GNN(FTLM(NL)),2,0,0.8277267176932837
ModelSet,Abstract,GNN(FTLM(NL)),2,1,0.8259219378409833
ModelSet,Abstract,GNN(FTLM(NL)),2,2,0.8365911700883307
ModelSet,Abstract,GNN(FTLM(NL)),2,3,0.8181576019071175
ModelSet,Abstract,GNN(FTLM(NL)),2,4,0.8424072258622554
ModelSet,Abstract,GNN(FTLM(NL)),2,5,0.8293407806268481
ModelSet,Abstract,GNN(FTLM(NL)),2,6,0.8215129960942262
ModelSet,Abstract,GNN(FTLM(NL)),2,7,0.8241085392095998
ModelSet,Abstract,GNN(FTLM(NL)),2,8,0.8222300959881188
ModelSet,Abstract,GNN(FTLM(NL)),2,9,0.8306020649902803
ModelSet,Abstract,GNN(FTLM(NL)),3,0,0.8218215695551169
ModelSet,Abstract,GNN(FTLM(NL)),3,1,0.8404213119878373
ModelSet,Abstract,GNN(FTLM(NL)),3,2,0.8211836100738575
ModelSet,Abstract,GNN(FTLM(NL)),3,3,0.8062747806958582
ModelSet,Abstract,GNN(FTLM(NL)),3,4,0.821690015072741
ModelSet,Abstract,GNN(FTLM(NL)),3,5,0.8089147882670034
ModelSet,Abstract,GNN(FTLM(NL)),3,6,0.8286013114942734
ModelSet,Abstract,GNN(FTLM(NL)),3,7,0.8395915797837131
ModelSet,Abstract,GNN(FTLM(NL)),3,8,0.8354775980026566
ModelSet,Abstract,GNN(FTLM(NL)),3,9,0.8156241049505275
ModelSet,Abstract,GNN(FTLM(NL+NA)),0,0,0.88937744718432
ModelSet,Abstract,GNN(FTLM(NL+NA)),0,1,0.9147863353556669
ModelSet,Abstract,GNN(FTLM(NL+NA)),0,2,0.9001851140873434
ModelSet,Abstract,GNN(FTLM(NL+NA)),0,3,0.8970411869263406
ModelSet,Abstract,GNN(FTLM(NL+NA)),0,4,0.9075606256119356
ModelSet,Abstract,GNN(FTLM(NL+NA)),0,5,0.9215274112543016
ModelSet,Abstract,GNN(FTLM(NL+NA)),0,6,0.9099657327757974
ModelSet,Abstract,GNN(FTLM(NL+NA)),0,7,0.8983941525477058
ModelSet,Abstract,GNN(FTLM(NL+NA)),0,8,0.9005468817598482
ModelSet,Abstract,GNN(FTLM(NL+NA)),0,9,0.9031707979109822
ModelSet,Abstract,GNN(FTLM(NL+NA)),1,0,0.9038730150348988
ModelSet,Abstract,GNN(FTLM(NL+NA)),1,1,0.8994128052728256
ModelSet,Abstract,GNN(FTLM(NL+NA)),1,2,0.9105244908348938
ModelSet,Abstract,GNN(FTLM(NL+NA)),1,3,0.9005278877053688
ModelSet,Abstract,GNN(FTLM(NL+NA)),1,4,0.9093853758096494
ModelSet,Abstract,GNN(FTLM(NL+NA)),1,5,0.9109612303999209
ModelSet,Abstract,GNN(FTLM(NL+NA)),1,6,0.9334103732188294
ModelSet,Abstract,GNN(FTLM(NL+NA)),1,7,0.9014895000534343
ModelSet,Abstract,GNN(FTLM(NL+NA)),1,8,0.9087821106802907
ModelSet,Abstract,GNN(FTLM(NL+NA)),1,9,0.9083569711041547
ModelSet,Abstract,GNN(FTLM(NL+NA)),2,0,0.9133731053337534
ModelSet,Abstract,GNN(FTLM(NL+NA)),2,1,0.9194672433158363
ModelSet,Abstract,GNN(FTLM(NL+NA)),2,2,0.9040951649837334
ModelSet,Abstract,GNN(FTLM(NL+NA)),2,3,0.9007864796989498
ModelSet,Abstract,GNN(FTLM(NL+NA)),2,4,0.8925928938406835
ModelSet,Abstract,GNN(FTLM(NL+NA)),2,5,0.8997379550319715
ModelSet,Abstract,GNN(FTLM(NL+NA)),2,6,0.9143644083457659
ModelSet,Abstract,GNN(FTLM(NL+NA)),2,7,0.9094564704182321
ModelSet,Abstract,GNN(FTLM(NL+NA)),2,8,0.8988456600509385
ModelSet,Abstract,GNN(FTLM(NL+NA)),2,9,0.9052723252351514
ModelSet,Abstract,GNN(FTLM(NL+NA)),3,0,0.8893147294779027
ModelSet,Abstract,GNN(FTLM(NL+NA)),3,1,0.8940367893160893
ModelSet,Abstract,GNN(FTLM(NL+NA)),3,2,0.8830660564716147
ModelSet,Abstract,GNN(FTLM(NL+NA)),3,3,0.8864955994234213
ModelSet,Abstract,GNN(FTLM(NL+NA)),3,4,0.8708156526665979
ModelSet,Abstract,GNN(FTLM(NL+NA)),3,5,0.8774861419776205
ModelSet,Abstract,GNN(FTLM(NL+NA)),3,6,0.9051771565817884
ModelSet,Abstract,GNN(FTLM(NL+NA)),3,7,0.8671185932730515
ModelSet,Abstract,GNN(FTLM(NL+NA)),3,8,0.8856219744736598
ModelSet,Abstract,GNN(FTLM(NL+NA)),3,9,0.8911919822934425
ModelSet,Abstract,GNN(FTLM(NL+NA+NT)),1,0,0.9152565075467297
ModelSet,Abstract,GNN(FTLM(NL+NA+NT)),1,1,0.9109184247663461
ModelSet,Abstract,GNN(FTLM(NL+NA+NT)),1,2,0.9183892146761267
ModelSet,Abstract,GNN(FTLM(NL+NA+NT)),1,3,0.9189503459849773
ModelSet,Abstract,GNN(FTLM(NL+NA+NT)),1,4,0.918178825950681
ModelSet,Abstract,GNN(FTLM(NL+NA+NT)),1,5,0.9002228787884788
ModelSet,Abstract,GNN(FTLM(NL+NA+NT)),1,6,0.917525963720446
ModelSet,Abstract,GNN(FTLM(NL+NA+NT)),1,7,0.9104488730970844
ModelSet,Abstract,GNN(FTLM(NL+NA+NT)),1,8,0.9135226412518647
ModelSet,Abstract,GNN(FTLM(NL+NA+NT)),1,9,0.9212697476334146
ModelSet,Abstract,GNN(FTLM(NL+NA+NT)),2,0,0.9164072875048057
ModelSet,Abstract,GNN(FTLM(NL+NA+NT)),2,1,0.9189677733424187
ModelSet,Abstract,GNN(FTLM(NL+NA+NT)),2,2,0.9050358694302112
ModelSet,Abstract,GNN(FTLM(NL+NA+NT)),2,3,0.9192400277672012
ModelSet,Abstract,GNN(FTLM(NL+NA+NT)),2,4,0.92173727532624
ModelSet,Abstract,GNN(FTLM(NL+NA+NT)),2,5,0.9213663792454606
ModelSet,Abstract,GNN(FTLM(NL+NA+NT)),2,6,0.9238976793881144
ModelSet,Abstract,GNN(FTLM(NL+NA+NT)),2,7,0.9085431749408109
ModelSet,Abstract,GNN(FTLM(NL+NA+NT)),2,8,0.9082586808492674
ModelSet,Abstract,GNN(FTLM(NL+NA+NT)),2,9,0.9182505077939436
ModelSet,Abstract,GNN(FTLM(NL+NA+NT)),3,0,0.8903347568487197
ModelSet,Abstract,GNN(FTLM(NL+NA+NT)),3,1,0.9060942904726834
ModelSet,Abstract,GNN(FTLM(NL+NA+NT)),3,2,0.8986944100783009
ModelSet,Abstract,GNN(FTLM(NL+NA+NT)),3,3,0.900312109491386
ModelSet,Abstract,GNN(FTLM(NL+NA+NT)),3,4,0.8865848555210143
ModelSet,Abstract,GNN(FTLM(NL+NA+NT)),3,5,0.8950945569419679
ModelSet,Abstract,GNN(FTLM(NL+NA+NT)),3,6,0.9037950607054289
ModelSet,Abstract,GNN(FTLM(NL+NA+NT)),3,7,0.9128845317409361
ModelSet,Abstract,GNN(FTLM(NL+NA+NT)),3,8,0.9139002658940806
ModelSet,Abstract,GNN(FTLM(NL+NA+NT)),3,9,0.903196735250041
ModelSet,Abstract,GNN(FTLM(NL+NA+NT+EL)),1,0,0.9031071164277104
ModelSet,Abstract,GNN(FTLM(NL+NA+NT+EL)),1,1,0.8966932081298367
ModelSet,Abstract,GNN(FTLM(NL+NA+NT+EL)),1,2,0.9090235649697614
ModelSet,Abstract,GNN(FTLM(NL+NA+NT+EL)),1,3,0.9025242199949246
ModelSet,Abstract,GNN(FTLM(NL+NA+NT+EL)),1,4,0.9110588453914901
ModelSet,Abstract,GNN(FTLM(NL+NA+NT+EL)),1,5,0.9225168680412597
ModelSet,Abstract,GNN(FTLM(NL+NA+NT+EL)),1,6,0.9046762504273819
ModelSet,Abstract,GNN(FTLM(NL+NA+NT+EL)),1,7,0.8900264552582593
ModelSet,Abstract,GNN(FTLM(NL+NA+NT+EL)),1,8,0.8963914955697115
ModelSet,Abstract,GNN(FTLM(NL+NA+NT+EL)),1,9,0.8904185255866338
ModelSet,Abstract,GNN(FTLM(NL+NA+NT+EL)),2,0,0.8910289031058503
ModelSet,Abstract,GNN(FTLM(NL+NA+NT+EL)),2,1,0.9160527072348547
ModelSet,Abstract,GNN(FTLM(NL+NA+NT+EL)),2,2,0.9052665957345849
ModelSet,Abstract,GNN(FTLM(NL+NA+NT+EL)),2,3,0.8877982556842424
ModelSet,Abstract,GNN(FTLM(NL+NA+NT+EL)),2,4,0.9095363216603013
ModelSet,Abstract,GNN(FTLM(NL+NA+NT+EL)),2,5,0.9156037487407889
ModelSet,Abstract,GNN(FTLM(NL+NA+NT+EL)),2,6,0.8994012544256414
ModelSet,Abstract,GNN(FTLM(NL+NA+NT+EL)),2,7,0.8962400916086312
ModelSet,Abstract,GNN(FTLM(NL+NA+NT+EL)),2,8,0.8996262228751505
ModelSet,Abstract,GNN(FTLM(NL+NA+NT+EL)),2,9,0.9058460651025417
ModelSet,Abstract,GNN(FTLM(NL+NA+NT+EL)),3,0,0.9113997015025638
ModelSet,Abstract,GNN(FTLM(NL+NA+NT+EL)),3,1,0.9168221683804023
ModelSet,Abstract,GNN(FTLM(NL+NA+NT+EL)),3,2,0.9171247820591317
ModelSet,Abstract,GNN(FTLM(NL+NA+NT+EL)),3,3,0.9168540384822698
ModelSet,Abstract,GNN(FTLM(NL+NA+NT+EL)),3,4,0.9186192143178008
ModelSet,Abstract,GNN(FTLM(NL+NA+NT+EL)),3,5,0.9116138778980035
ModelSet,Abstract,GNN(FTLM(NL+NA+NT+EL)),3,6,0.8896909339566802
ModelSet,Abstract,GNN(FTLM(NL+NA+NT+EL)),3,7,0.9036903577048638
ModelSet,Abstract,GNN(FTLM(NL+NA+NT+EL)),3,8,0.9081392051262339
ModelSet,Abstract,GNN(FTLM(NL+NA+NT+EL)),3,9,0.901168737349923
